"timestamp","mig","operation","job","numéro_du_cordon","numéro_de_pièce","numéro_de_serie_de_la_pièce","intensité","tension","vitessedévidage","Courant","Tension","Vitessededévidage","Tension_de_soudage","Vitesse_de_dévidage","Courant_de_soudage_MMA","Dynamique_MMA","CEL_intensité","CEL_dynamique","Intensité_I1_TIG","Courant_de_descente_TIG","TIG_balance","Valeur_commande_courant","Valeur_commande_dévidoir","TIG_courant_d'amoçage","TIG_courant_d'extinction","TIG_diamètre_d'électrode","TIG_rampe_amorçage","TIG_rampe_d'extinction","Correction_de_hauteur_d’arc","Courant_hotstart_MMA","CEL_Hostart_intensité","Correction_dynamique_pulsé","Dynamique","puissance","Stabilisateur_de_hauteur_d’arc_(PMC)","Stabilisateur_de_pénétration","énergie","intensité_moteur_3","intensité_moteur_2","Intensité_moteur_3","M1_courant_moteur","M2_courant_moteur","M3_courant_moteur","Pression_du_crossjet","débit_eau","MIG_gaz_rv","MIG_gaz_rv_2","Gaz_total_consommé","température_eau","Heures_activation_débit","Heures_générateur_ON"
"2025-04-11 11:30:02.391595","MIG CMT","op 10 -new2","0685","9100.0",NULL,NULL,"130","14.7","4.5","127","15.4",NULL,"10","10","10","20","10","50","50","25","35","50","5","25","15","2.4","0.5","1","0","15","13","0","0","2.4","0","0","2.3","0","0",NULL,"0","0",NULL,NULL,"0",NULL,NULL,"286000","30","285.3","11625.3"
"2025-04-11 11:30:41.610484","MIG CMT","op 10 -new2","0685","9100.0",NULL,NULL,"130","14.7","4.5","127","15.4",NULL,"10","10","10","20","10","50","50","25","35","50","5","25","15","2.4","0.5","1","0","15","13","0","0","2.4","0","0","2.3","0","0",NULL,"0","0",NULL,NULL,"0",NULL,NULL,"286000","29","285.3","11625.3"
"2025-04-11 11:31:03.269704","MIG CMT","op 10 -new2","0685","9100.0",NULL,NULL,"130","14.7","4.5","127","15.4",NULL,"10","10","10","20","10","50","50","25","35","50","5","25","15","2.4","0.5","1","0","15","13","0","0","2.4","0","0","2.3","0","0",NULL,"0","0",NULL,NULL,"0",NULL,NULL,"286000","29","285.3","11625.4"
"2025-04-11 11:32:04.20483","MIG CMT","C4682 ENS07","0098","9100.0",NULL,NULL,"209","17","9.5","184","17.5",NULL,"10","10","10","20","10","50","50","25","35","50","5","25","15","2.4","0.5","1","0","15","13","-2","0","3.9","0","0","12.5","1.42","0.32",NULL,"4","6",NULL,NULL,"0",NULL,NULL,"286000","29","285.3","11625.4"
"2025-04-11 11:32:08.533147","MIG CMT","C8224 ENS07","0111","9101.0",NULL,NULL,"80","9.3","2.8","165","17.1",NULL,"10","10","10","20","10","50","50","25","35","50","5","25","15","2.4","0.5","1","0","15","13","0","0","3.1","0","0","2.1","1.23","0.29",NULL,"2","6",NULL,NULL,"1.28",NULL,NULL,"286000","29","285.3","11625.4"
"2025-04-11 11:32:12.930231","MIG CMT","C8224 ENS07","0111","9102.0",NULL,NULL,"194","16.6","7.8","165","17.1",NULL,"10","10","10","20","10","50","50","25","35","50","5","25","15","2.4","0.5","1","0","15","13","0","0","3.4","0","0","4.6","1.43","0.26",NULL,"3","5",NULL,NULL,"1.15",NULL,NULL,"286003","29","285.3","11625.4"
"2025-04-11 11:32:17.461781","MIG CMT","C8224 ENS07","0111","9103.0",NULL,NULL,"184","16.4","8.2","165","17.1",NULL,"10","10","10","20","10","50","50","25","35","50","5","25","15","2.4","0.5","1","0","15","13","0","0","0","0","0","0","0","0.16",NULL,"0","4",NULL,NULL,"1.07",NULL,NULL,"286003","29","285.3","11625.4"
"2025-04-11 11:32:22.094466","MIG CMT","C8224 ENS07","0111","9103.0",NULL,NULL,"182","16.3","8.1","165","17.1",NULL,"10","10","10","20","10","50","50","25","35","50","5","25","15","2.4","0.5","1","0","15","13","0","0","3.3","0","0","12.3","0.02","0.16",NULL,"0","0",NULL,NULL,"1.05",NULL,NULL,"286003","29","285.3","11625.4"
"2025-04-11 11:32:26.502012","MIG CMT","C8224 ENS07","0111","9104.0",NULL,NULL,"182","16.2","8","165","17.1",NULL,"10","10","10","20","10","50","50","25","35","50","5","25","15","2.4","0.5","1","0","15","13","0","0","3.3","0","0","12.3","0","0.16",NULL,"0","0",NULL,NULL,"1.04",NULL,NULL,"286003","29","285.3","11625.4"
"2025-04-11 11:32:35.314675","MIG CMT","C1917 ENS07","0090","9106.0",NULL,NULL,"251","16.6","11.9","240","18.5",NULL,"10","10","10","20","10","50","50","25","35","50","5","25","15","2.4","0.5","1","0","15","13","0","0","4.4","0","0","16.2","1.53","0.28",NULL,"4","5",NULL,NULL,"1.02",NULL,NULL,"286006","29","285.3","11625.4"
"2025-04-11 11:32:39.86386","MIG CMT","C1919 ENS07","0089","9107.0",NULL,NULL,"240","17.5","12.2","240","18.5",NULL,"10","10","10","20","10","50","50","25","35","50","5","25","15","2.4","0.5","1","0","15","13","0","0","4.5","0","0","10.1","1.5","0.29",NULL,"4","6",NULL,NULL,"1.02",NULL,NULL,"286006","29","285.3","11625.4"
"2025-04-11 11:32:44.46059","MIG CMT","C135 ENS07","0114","9108.0",NULL,NULL,"84","10.1","7.4","165","17.1",NULL,"10","10","10","20","10","50","50","25","35","50","5","25","15","2.4","0.5","1","0","15","13","0","0","3.5","0","0","4.1","1.35","0.28",NULL,"3","6",NULL,NULL,"1.02",NULL,NULL,"286009","29","285.3","11625.4"
"2025-04-11 11:32:48.954396","MIG CMT","C1713 ENS07","0096","9109.0",NULL,NULL,"190","16.5","7.8","165","17.1",NULL,"10","10","10","20","10","50","50","25","35","50","5","25","15","2.4","0.5","1","0","15","13","0","0","3.5","0","0","8.4","1.3","0.3",NULL,"3","4",NULL,NULL,"1.02",NULL,NULL,"286009","30","285.3","11625.4"
"2025-04-11 11:32:53.445882","MIG CMT","C1713 ENS07","0096","9110.0",NULL,NULL,"183","16","7.3","165","17.8",NULL,"10","10","10","20","10","50","50","25","35","50","5","25","15","2.4","0.5","1","0","15","13","0","0","3.8","0","0","2","1.38","0.28",NULL,"3","5",NULL,NULL,"1.03",NULL,NULL,"286009","30","285.3","11625.4"
"2025-04-11 11:32:57.941117","MIG CMT","C424 ENS07","0102","9111.0",NULL,NULL,"209","16.6","9.7","203","17.8",NULL,"10","10","10","20","10","50","50","25","35","50","5","25","15","2.4","0.5","1","0","15","13","0","0","3.9","0","0","6.9","1.47","0.31",NULL,"3","6",NULL,NULL,"1.03",NULL,NULL,"286012","30","285.3","11625.4"
"2025-04-11 11:33:02.455887","MIG CMT","C139 ENS07","0108","9112.0",NULL,NULL,"226","16.5","10.2","221","18.2",NULL,"10","10","10","20","10","50","50","25","35","50","5","25","15","2.4","0.5","1","0","15","13","0","0","4.1","0","0","9.5","1.42","0.29",NULL,"4","4",NULL,NULL,"1.03",NULL,NULL,"286012","31","285.3","11625.4"
"2025-04-11 11:33:06.863032","MIG CMT","C1717 ENS07","0095","9113.0",NULL,NULL,"222","16.7","9.5","221","18.2",NULL,"10","10","10","20","10","50","50","25","35","50","5","25","15","2.4","0.5","1","0","15","13","0","0","4","0","0","4.5","1.42","0.3",NULL,"4","6",NULL,NULL,"1.03",NULL,NULL,"286012","31","285.3","11625.4"
"2025-04-11 11:33:11.299597","MIG CMT","C133 ENS07","0115","9114.0",NULL,NULL,"213","16.9","9","193","17.7",NULL,"10","10","10","20","10","50","50","25","35","50","5","25","15","2.4","0.5","1","0","15","13","0","0","3.7","0","0","6.4","0.56","0.26",NULL,"0","0",NULL,NULL,"1.03",NULL,NULL,"286012","31","285.3","11625.4"
"2025-04-11 11:33:15.690769","MIG CMT","C131 ENS07","0116","9116.0",NULL,NULL,"205","16.8","8.8","193","17.7",NULL,"10","10","10","20","10","50","50","25","35","50","5","25","15","2.4","0.5","1","0","15","13","0","0","3.8","0","0","6.5","0.02","0.03",NULL,"0","0",NULL,NULL,"1.03",NULL,NULL,"286015","31","285.3","11625.4"
"2025-04-11 11:33:20.094734","MIG CMT","C195 ENS07","0104","9117.0",NULL,NULL,"248","19.3","13.1","250","19.5",NULL,"10","10","10","20","10","50","50","25","35","50","5","25","15","2.4","0.5","1","0","15","13","0","0","5","0","0","13.7","0.02","0.12",NULL,"0","0",NULL,NULL,"1.03",NULL,NULL,"286015","32","285.3","11625.4"
"2025-04-11 11:33:24.423921","MIG CMT","C195 ENS07","0104","9117.0",NULL,NULL,"248","19.3","13.1","250","19.5",NULL,"10","10","10","20","10","50","50","25","35","50","5","25","15","2.4","0.5","1","0","15","13","0","0","5","0","0","13.7","0.02","0.13",NULL,"0","2",NULL,NULL,"1.03",NULL,NULL,"286015","32","285.3","11625.4"
"2025-04-11 11:33:33.142211","MIG CMT","C199 ENS07","0101","9119.0",NULL,NULL,"255","17.4","11.9","250","19.5",NULL,"10","10","10","20","10","50","50","25","35","50","5","25","15","2.4","0.5","1","0","15","13","0","0","4.7","0","0","8.4","1.42","0.39",NULL,"3","5",NULL,NULL,"1.03",NULL,NULL,"286015","32","285.3","11625.4"
"2025-04-11 11:33:37.453713","MIG CMT","C199 ENS07","0101","9120.0",NULL,NULL,"250","19.5","13","250","19.5",NULL,"10","10","10","20","10","50","50","25","35","50","5","25","15","2.4","0.5","1","0","15","13","0","0","0","0","0","0","0.13","0.1",NULL,"0","0",NULL,NULL,"1.03",NULL,NULL,"286015","32","285.3","11625.4"
"2025-04-11 11:33:41.862673","MIG CMT","C6882 ENS07","0112","9122.0",NULL,NULL,"187","17.4","8.2","193","17.7",NULL,"10","10","10","20","10","50","50","25","35","50","5","25","15","2.4","0.5","1","0","15","13","0","0","3.8","0","0","5","1.42","0.29",NULL,"4","5",NULL,NULL,"1.03",NULL,NULL,"286018","32","285.3","11625.4"
"2025-04-11 11:33:46.251131","MIG CMT","C6868 ENS07","0113","9123.0",NULL,NULL,"166","17.1","9.5","193","17.7",NULL,"10","10","10","20","10","50","50","25","35","50","5","25","15","2.4","0.5","1","0","15","13","0","0","3.9","0","0","6","1.43","0.28",NULL,"4","5",NULL,NULL,"1.03",NULL,NULL,"286018","33","285.3","11625.4"
"2025-04-11 11:33:50.814","MIG CMT","C6868 ENS07","0113","9124.0",NULL,NULL,"206","17.3","9.3","193","17.7",NULL,"10","10","10","20","10","50","50","25","35","50","5","25","15","2.4","0.5","1","0","15","13","0","0","3.9","0","0","7","0.51","0.22",NULL,"0","0",NULL,NULL,"1.03",NULL,NULL,"286018","33","285.3","11625.4"
"2025-04-11 11:33:55.314576","MIG CMT","C224 ENS07","0109","9125.0",NULL,NULL,"237","16.5","11.1","240","18.5",NULL,"10","10","10","20","10","50","50","25","35","50","5","25","15","2.4","0.5","1","0","15","13","0","0","4.1","0","0","8.1","1.41","0.32",NULL,"3","6",NULL,NULL,"1.03",NULL,NULL,"286021","33","285.3","11625.4"
"2025-04-11 11:33:59.751222","MIG CMT","C224 ENS07","0109","9126.0",NULL,NULL,"238","16.8","11.7","240","18.5",NULL,"10","10","10","20","10","50","50","25","35","50","5","25","15","2.4","0.5","1","0","15","13","0","0","4.2","0","0","15.7","0","0.07",NULL,"0","0",NULL,NULL,"1.03",NULL,NULL,"286021","33","285.3","11625.4"
"2025-04-11 11:34:04.33068","MIG CMT","C6262 ENS07","0091","9126.0",NULL,NULL,"201","17","9.3","184","17.5",NULL,"10","10","10","20","10","50","50","25","35","50","5","25","15","2.4","0.5","1","0","15","13","0","0","3.8","0","0","10.9","1.47","0.26",NULL,"3","5",NULL,NULL,"1.03",NULL,NULL,"286021","33","285.3","11625.4"
"2025-04-11 11:34:08.824711","MIG CMT","C6262 ENS07","0091","9127.0",NULL,NULL,"0","0.4","0","184","17.5",NULL,"10","10","10","20","10","50","50","25","35","50","5","25","15","2.4","0.5","1","0","15","13","0","0","3.6","0","0","3.7","1.44","0.28",NULL,"3","6",NULL,NULL,"1.02",NULL,NULL,"286021","33","285.3","11625.4"
"2025-04-11 11:34:13.213683","MIG CMT","C6246 ENS07","0094","9128.0",NULL,NULL,"208","17","10","184","17.5",NULL,"10","10","10","20","10","50","50","25","35","50","5","25","15","2.4","0.5","1","0","15","13","0","0","4","0","0","13.9","0.09","0.1",NULL,"0","0",NULL,NULL,"1.02",NULL,NULL,"286023","33","285.3","11625.4"
"2025-04-11 11:34:17.61133","MIG CMT","C6133  ENS07","0087","9128.0",NULL,NULL,"197","16.8","8.6","184","17.5",NULL,"10","10","10","20","10","50","50","25","35","50","5","25","15","2.4","0.5","1","0","15","13","0","0","3.7","0","0","12.9","1.31","0.09",NULL,"0","0",NULL,NULL,"1.03",NULL,NULL,"286023","33","285.3","11625.4"
"2025-04-11 11:34:22.225729","MIG CMT","C1931 ENS07","0088","9129.0",NULL,NULL,"213","17","9.8","184","17.5",NULL,"10","10","10","20","10","50","50","25","35","50","5","25","15","2.4","0.5","1","0","15","13","0","0","3.9","0","0","10.5","1.46","0.3",NULL,"4","6",NULL,NULL,"1.03",NULL,NULL,"286023","33","285.3","11625.4"
"2025-04-11 11:34:26.720901","MIG CMT","C222 ENS07","0110","9130.0",NULL,NULL,"247","16.3","11.3","240","18.5",NULL,"10","10","10","20","10","50","50","25","35","50","5","25","15","2.4","0.5","1","0","15","13","0","0","4.4","0","0","5.7","0.05","0.13",NULL,"0","0",NULL,NULL,"1.03",NULL,NULL,"286023","33","285.3","11625.4"
"2025-04-11 11:34:31.192621","MIG CMT","C151 ENS07","0107","9132.0",NULL,NULL,"259","16.2","11","245","19",NULL,"10","10","10","20","10","50","50","25","35","50","5","25","15","2.4","0.5","1","0","15","13","0","0","4.5","0","0","5.9","0.03","0.1",NULL,"0","0",NULL,NULL,"1.03",NULL,NULL,"286026","33","285.3","11625.4"
"2025-04-11 11:34:35.641366","MIG CMT","C151 ENS07","0107","9132.0",NULL,NULL,"259","16.2","11","245","19",NULL,"10","10","10","20","10","50","50","25","35","50","5","25","15","2.4","0.5","1","0","15","13","0","0","4.5","0","0","5.9","0","0",NULL,"0","0",NULL,NULL,"1.03",NULL,NULL,"286026","33","285.3","11625.4"
"2025-04-11 11:34:40.008363","MIG CMT","C151 ENS07","0107","9132.0",NULL,NULL,"259","16.2","11","245","19",NULL,"10","10","10","20","10","50","50","25","35","50","5","25","15","2.4","0.5","1","0","15","13","0","0","4.5","0","0","5.9","0","0",NULL,"0","0",NULL,NULL,"1.02",NULL,NULL,"286026","33","285.3","11625.4"
"2025-04-11 11:34:44.418517","MIG CMT","C3379 OP01","0693","9133.0",NULL,NULL,"247","16","10.2","240","18.5",NULL,"10","10","10","20","10","50","50","25","35","50","5","25","15","2.4","0.5","1","0","15","13","0","0","4.1","0","0","0","0.01","0.13",NULL,"0","2",NULL,NULL,"1.02",NULL,NULL,"286026","33","285.3","11625.4"
"2025-04-11 11:34:48.703597","MIG CMT","C3375 OP01","0691","9134.0",NULL,NULL,"239","15.6","9.2","240","18.5",NULL,"10","10","10","20","10","50","50","25","35","50","5","25","15","2.4","0.5","1","0","15","13","0","0","3.9","0","0","2.2","0.01","0.14",NULL,"0","0",NULL,NULL,"1.02",NULL,NULL,"286026","33","285.3","11625.4"
"2025-04-11 11:34:57.458559","MIG CMT","C377 OP01","0731","9136.0",NULL,NULL,"255","17.6","12.9","250","19.5",NULL,"10","10","10","20","10","50","50","25","35","50","5","25","15","2.4","0.5","1","0","15","13","0","0","4.7","0","0","10","1.44","0.47",NULL,"4","5",NULL,NULL,"1.02",NULL,NULL,"286026","33","285.3","11625.4"
"2025-04-11 11:35:01.815283","MIG CMT","C377 OP01","0731","9137.0",NULL,NULL,"250","16.8","11.6","250","19.5",NULL,"10","10","10","20","10","50","50","25","35","50","5","25","15","2.4","0.5","1","0","15","13","0","0","4.5","0","0","23.5","0.09","0.11",NULL,"0","0",NULL,NULL,"1.02",NULL,NULL,"286026","33","285.3","11625.4"
"2025-04-11 11:35:06.241802","MIG CMT","C8684 OP01","0689","9138.0",NULL,NULL,"245","16.1","12","240","18.5",NULL,"10","10","10","20","10","50","50","25","35","50","5","25","15","2.4","0.5","1","0","15","13","0","0","3.9","0","0","2.8","1.41","0.32",NULL,"3","4",NULL,NULL,"1.03",NULL,NULL,"286029","32","285.3","11625.4"
"2025-04-11 11:35:10.716759","MIG CMT","C3375 OP01","0691","9139.0",NULL,NULL,"245","15.7","9.5","240","18.5",NULL,"10","10","10","20","10","50","50","25","35","50","5","25","15","2.4","0.5","1","0","15","13","0","0","4","0","0","2.4","0.03","0.14",NULL,"0","0",NULL,NULL,"1.02",NULL,NULL,"286029","32","285.3","11625.4"
"2025-04-11 11:35:15.083613","MIG CMT","C3375 OP01","0691","9141.0",NULL,NULL,"234","16.6","10.3","240","18.5",NULL,"10","10","10","20","10","50","50","25","35","50","5","25","15","2.4","0.5","1","0","15","13","0","0","4.1","0","0","2.5","0.06","0.13",NULL,"0","1",NULL,NULL,"1.02",NULL,NULL,"286029","32","285.3","11625.4"
"2025-04-11 11:35:19.451494","MIG CMT","OP01_C828","0733","9141.0",NULL,NULL,"243","16.4","11.6","240","18.5",NULL,"10","10","10","20","10","50","50","25","35","50","5","25","15","2.4","0.5","1","0","15","13","0","0","4.3","0","0","10.8","1.47","0.33",NULL,"3","4",NULL,NULL,"1.02",NULL,NULL,"286029","32","285.3","11625.4"
"2025-04-11 11:35:23.831081","MIG CMT","OP01_C828","0733","9142.0",NULL,NULL,"242","16.4","11.6","240","18.5",NULL,"10","10","10","20","10","50","50","25","35","50","5","25","15","2.4","0.5","1","0","15","13","0","0","4.2","0","0","15.3","0","0",NULL,"0","0",NULL,NULL,"1.04",NULL,NULL,"286029","32","285.3","11625.4"
"2025-04-11 11:35:28.216557","MIG CMT","C844 OP01","0725","9143.0",NULL,NULL,"248","16.4","11.8","240","18.5",NULL,"10","10","10","20","10","50","50","25","35","50","5","25","15","2.4","0.5","1","0","15","13","0","0","4.3","0","0","10.2","0.08","0.09",NULL,"0","0",NULL,NULL,"1.02",NULL,NULL,"286029","32","285.3","11625.4"
"2025-04-11 11:35:32.77435","MIG CMT","C846 OP01","0724","9144.0",NULL,NULL,"254","15.8","12","240","18.5",NULL,"10","10","10","20","10","50","50","25","35","50","5","25","15","2.4","0.5","1","0","15","13","0","0","4.3","0","0","9.7","0.01","0.14",NULL,"0","2",NULL,NULL,"1.02",NULL,NULL,"286032","32","285.3","11625.4"
"2025-04-11 11:35:37.143841","MIG CMT","C862 OP01","0722","9145.0",NULL,NULL,"240","15.7","10","240","18.5",NULL,"10","10","10","20","10","50","50","25","35","50","5","25","15","2.4","0.5","1","0","15","13","0","0","4","0","0","10.7","0.14","0.12",NULL,"0","0",NULL,NULL,"1.02",NULL,NULL,"286032","32","285.3","11625.4"
"2025-04-11 11:35:41.595447","MIG CMT","C842 OP01","0726","9146.0",NULL,NULL,"240","16.8","11.8","240","18.5",NULL,"10","10","10","20","10","50","50","25","35","50","5","25","15","2.4","0.5","1","0","15","13","0","0","4.3","0","0","9.9","0.18","0.12",NULL,"0","0",NULL,NULL,"1.02",NULL,NULL,"286032","32","285.3","11625.4"
"2025-04-11 11:35:46.064043","MIG CMT","C824 OP01","0729","9147.0",NULL,NULL,"244","16","11.1","240","18.5",NULL,"10","10","10","20","10","50","50","25","35","50","5","25","15","2.4","0.5","1","0","15","13","0","0","4.2","0","0","10.3","0.06","0.14",NULL,"0","3",NULL,NULL,"1.02",NULL,NULL,"286032","32","285.3","11625.4"
"2025-04-11 11:35:50.667241","MIG CMT","C826 OP01","0728","9147.0",NULL,NULL,"240","16.1","10.8","240","18.5",NULL,"10","10","10","20","10","50","50","25","35","50","5","25","15","2.4","0.5","1","0","15","13","0","0","4.1","0","0","17","1.35","0.33",NULL,"3","7",NULL,NULL,"1.03",NULL,NULL,"286035","33","285.3","11625.4"
"2025-04-11 11:35:55.140019","MIG CMT","C826 OP01","0728","9148.0",NULL,NULL,"237","15.6","10.5","240","18.5",NULL,"10","10","10","20","10","50","50","25","35","50","5","25","15","2.4","0.5","1","0","15","13","0","0","4","0","0","30.8","0.16","0.11",NULL,"0","0",NULL,NULL,"1.04",NULL,NULL,"286035","33","285.3","11625.4"
"2025-04-11 11:35:59.52395","MIG CMT","C826 OP01","0728","9149.0",NULL,NULL,"244","15.7","10.7","240","18.5",NULL,"10","10","10","20","10","50","50","25","35","50","5","25","15","2.4","0.5","1","0","15","13","0","0","4.2","0","0","9.3","0.14","0.1",NULL,"0","0",NULL,NULL,"1.02",NULL,NULL,"286035","33","285.3","11625.4"
"2025-04-11 11:36:03.929475","MIG CMT","C828 OP01","0727","9150.0",NULL,NULL,"228","15.6","9.1","240","18.5",NULL,"10","10","10","20","10","50","50","25","35","50","5","25","15","2.4","0.5","1","0","15","13","0","0","3.8","0","0","10.3","0.01","0.09",NULL,"0","0",NULL,NULL,"1.04",NULL,NULL,"286038","33","285.3","11625.4"
"2025-04-11 11:36:08.467197","MIG CMT","C864 OP01","0721","9151.0",NULL,NULL,"234","15.5","10.3","240","18.5",NULL,"10","10","10","20","10","50","50","25","35","50","5","25","15","2.4","0.5","1","0","15","13","0","0","0","0","0","0","0.24","0.28",NULL,"0","2",NULL,NULL,"1.02",NULL,NULL,"286038","33","285.3","11625.4"
"2025-04-11 11:36:12.946546","MIG CMT","C848 OP01","0723","9152.0",NULL,NULL,"249","16","11.2","240","18.5",NULL,"10","10","10","20","10","50","50","25","35","50","5","25","15","2.4","0.5","1","0","15","13","0","0","4.2","0","0","0","0.06","0.29",NULL,"1","5",NULL,NULL,"1.04",NULL,NULL,"286038","33","285.3","11625.4"
"2025-04-11 11:36:17.285335","MIG CMT","C866 OP01","0720","9153.0",NULL,NULL,"235","17.1","11.2","240","18.5",NULL,"10","10","10","20","10","50","50","25","35","50","5","25","15","2.4","0.5","1","0","15","13","0","0","4.2","0","0","11.6","0.11","0.1",NULL,"0","0",NULL,NULL,"1.04",NULL,NULL,"286038","33","285.3","11625.4"
"2025-04-11 11:36:21.697646","MIG CMT","C111 OP01","0742","9153.0",NULL,NULL,"253","15.4","11.6","240","18.5",NULL,"10","10","10","20","10","50","50","25","35","50","5","25","15","2.4","0.5","1","0","15","13","0","0","4.1","0","0","9.4","0.02","0.16",NULL,"0","0",NULL,NULL,"1.03",NULL,NULL,"286041","33","285.3","11625.4"
"2025-04-11 11:36:26.087747","MIG CMT","C113 OP01","0741","9155.0",NULL,NULL,"247","16.4","10.8","240","18.5",NULL,"10","10","10","20","10","50","50","25","35","50","5","25","15","2.4","0.5","1","0","15","13","0","0","4.2","0","0","0","0.73","0.12",NULL,"1","0",NULL,NULL,"1.02",NULL,NULL,"286041","33","285.3","11625.4"
"2025-04-11 11:36:30.409518","MIG CMT","C115 OP01","0740","9156.0",NULL,NULL,"244","17.3","12.3","240","18.5",NULL,"10","10","10","20","10","50","50","25","35","50","5","25","15","2.4","0.5","1","0","15","13","0","0","4.4","0","0","10","0.17","0.13",NULL,"0","1",NULL,NULL,"1.03",NULL,NULL,"286041","33","285.3","11625.4"
"2025-04-11 11:36:34.777718","MIG CMT","C117 OP01","0739","9157.0",NULL,NULL,"263","19","14.6","263","19.7",NULL,"10","10","10","20","10","50","50","25","35","50","5","25","15","2.4","0.5","1","0","15","13","0","0","5.3","0","0","9.6","0.05","0.1",NULL,"0","0",NULL,NULL,"1.02",NULL,NULL,"286041","33","285.3","11625.4"
"2025-04-11 11:36:39.864894","MIG CMT","C119 OP01","0738","9158.0",NULL,NULL,"214","17.3","11.7","221","18.2",NULL,"10","10","10","20","10","50","50","25","35","50","5","25","15","2.4","0.5","1","0","15","13","0","0","3.9","0","0","5.8","0","0.14",NULL,"0","3",NULL,NULL,"1.01",NULL,NULL,"286041","33","285.3","11625.4"
"2025-04-11 11:36:44.323255","MIG CMT","C137 OP01","0737","9158.0",NULL,NULL,"250","18.6","13.9","257","19.6",NULL,"10","10","10","20","10","50","50","25","35","50","5","25","15","2.4","0.5","1","0","15","13","0","0","5.1","0","0","22.4","1.54","0.34",NULL,"3","6",NULL,NULL,"1.03",NULL,NULL,"286044","33","285.3","11625.4"
"2025-04-11 11:36:49.247253","MIG CMT","C137 OP01","0737","9159.0",NULL,NULL,"253","18.4","13.8","257","19.6",NULL,"10","10","10","20","10","50","50","25","35","50","5","25","15","2.4","0.5","1","0","15","13","0","0","4.9","0","0","31.7","0","0",NULL,"0","0",NULL,NULL,"1.03",NULL,NULL,"286044","33","285.3","11625.4"
"2025-04-11 11:36:53.709768","MIG CMT","C379 OP01","0730","9159.0",NULL,NULL,"252","19.6","13.9","257","19.6",NULL,"10","10","10","20","10","50","50","25","35","50","5","25","15","2.4","0.5","1","0","15","13","0","0","5.2","0","0","20.8","1.55","0.37",NULL,"3","5",NULL,NULL,"1.03",NULL,NULL,"286044","33","285.3","11625.4"
"2025-04-11 11:36:58.411537","MIG CMT","C1973 OP01","0701","9160.0",NULL,NULL,"153","13.9","12.4","270","19.8",NULL,"10","10","10","20","10","50","50","25","35","50","5","25","15","2.4","0.5","1","0","15","13","0","0","5","0","0","6","1.48","0.43",NULL,"2","7",NULL,NULL,"1.03",NULL,NULL,"286047","33","285.3","11625.4"
"2025-04-11 11:37:02.828761","MIG CMT","C1973 OP01","0701","9161.0",NULL,NULL,"251","18","12.3","270","19.8",NULL,"10","10","10","20","10","50","50","25","35","50","5","25","15","2.4","0.5","1","0","15","13","0","0","4.8","0","0","16.4","0.13","0.13",NULL,"0","0",NULL,NULL,"1.02",NULL,NULL,"286047","33","285.3","11625.5"
"2025-04-11 11:37:07.290361","MIG CMT","C1979 OP01","0698","9161.0",NULL,NULL,"257","17.3","11.8","270","19.8",NULL,"10","10","10","20","10","50","50","25","35","50","5","25","15","2.4","0.5","1","0","15","13","0","0","4.2","0","0","18","1.3","0.47",NULL,"2","8",NULL,NULL,"1.02",NULL,NULL,"286047","33","285.3","11625.5"
"2025-04-11 11:37:12.57847","MIG CMT","C1991 OP01","0697","9162.0",NULL,NULL,"256","18.3","12.9","270","19.8",NULL,"10","10","10","20","10","50","50","25","35","50","5","25","15","2.4","0.5","1","0","15","13","0","0","4.7","0","0","15.6","1.39","0.47",NULL,"2","6",NULL,NULL,"1.03",NULL,NULL,"286047","33","285.3","11625.5"
"2025-04-11 11:37:17.052529","MIG CMT","C1995 OP01","0695","9163.0",NULL,NULL,"264","18.4","13.5","270","19.8",NULL,"10","10","10","20","10","50","50","25","35","50","5","25","15","2.4","0.5","1","0","15","13","0","0","5","0","0","14.3","1.48","0.35",NULL,"3","7",NULL,NULL,"1.03",NULL,NULL,"286050","33","285.3","11625.5"
"2025-04-11 11:37:21.512361","MIG CMT","C1997 OP01","0694","9164.0",NULL,NULL,"0","0.8","0","270","19.8",NULL,"10","10","10","20","10","50","50","25","35","50","5","25","15","2.4","0.5","1","0","15","13","0","0","4.8","0","0","5.1","1.43","0.38",NULL,"2","5",NULL,NULL,"1.02",NULL,NULL,"286050","33","285.3","11625.5"
"2025-04-11 11:37:25.977933","MIG CMT","C1993 OP01","0696","9165.0",NULL,NULL,"7","4.5","0.5","270","19.8",NULL,"10","10","10","20","10","50","50","25","35","50","5","25","15","2.4","0.5","1","0","15","13","0","0","4.8","0","0","3.9","1.47","0.42",NULL,"3","5",NULL,NULL,"1.03",NULL,NULL,"286050","33","285.3","11625.5"
"2025-04-11 11:37:30.431934","MIG CMT","C1993 OP01","0696","9166.0",NULL,NULL,"271","18.8","13.9","270","19.8",NULL,"10","10","10","20","10","50","50","25","35","50","5","25","15","2.4","0.5","1","0","15","13","0","0","0","0","0","0","1.15","0.43",NULL,"3","4",NULL,NULL,"1.02",NULL,NULL,"286050","33","285.3","11625.5"
"2025-04-11 11:37:34.836555","MIG CMT","C1977 OP01","0699","9167.0",NULL,NULL,"255","17.8","12.2","270","19.8",NULL,"10","10","10","20","10","50","50","25","35","50","5","25","15","2.4","0.5","1","0","15","13","0","0","0","0","0","0","0.09","0.1",NULL,"2","2",NULL,NULL,"1.02",NULL,NULL,"286053","33","285.3","11625.5"
"2025-04-11 11:37:39.267153","MIG CMT","C1975 OP01","0700","9168.0",NULL,NULL,"265","18.4","13.6","270","19.8",NULL,"10","10","10","20","10","50","50","25","35","50","5","25","15","2.4","0.5","1","0","15","13","0","0","5.1","0","0","13.4","0.13","0.14",NULL,"0","2",NULL,NULL,"1.03",NULL,NULL,"286053","33","285.3","11625.5"
"2025-04-11 11:37:43.708538","MIG CMT","C537 OP01","0719","9168.0",NULL,NULL,"246","15.9","11.1","240","18.5",NULL,"10","10","10","20","10","50","50","25","35","50","5","25","15","2.4","0.5","1","0","15","13","0","0","4.2","0","0","8.7","1.39","0.32",NULL,"3","5",NULL,NULL,"1.03",NULL,NULL,"286053","33","285.3","11625.5"
"2025-04-11 11:37:48.220121","MIG CMT","C551 OP01","0717","9169.0",NULL,NULL,"239","16.6","11.3","240","18.5",NULL,"10","10","10","20","10","50","50","25","35","50","5","25","15","2.4","0.5","1","0","15","13","0","0","4.1","0","0","6.7","1.35","0.3",NULL,"3","4",NULL,NULL,"1.03",NULL,NULL,"286053","33","285.3","11625.5"
"2025-04-11 11:37:52.677835","MIG CMT","C555 OP01","0715","9170.0",NULL,NULL,"239","16.1","10.8","240","18.5",NULL,"10","10","10","20","10","50","50","25","35","50","5","25","15","2.4","0.5","1","0","15","13","0","0","4.1","0","0","10.2","1.25","0.38",NULL,"2","8",NULL,NULL,"1.03",NULL,NULL,"286056","33","285.3","11625.5"
"2025-04-11 11:37:57.141712","MIG CMT","C559 OP01","0713","9171.0",NULL,NULL,"235","17.3","12","240","18.5",NULL,"10","10","10","20","10","50","50","25","35","50","5","25","15","2.4","0.5","1","0","15","13","0","0","4.2","0","0","10.8","1.41","0.41",NULL,"0","0",NULL,NULL,"1.03",NULL,NULL,"286056","33","285.3","11625.5"
"2025-04-11 11:38:02.461763","MIG CMT","C713 OP01","0711","9172.0",NULL,NULL,"238","17.2","11.6","240","18.5",NULL,"10","10","10","20","10","50","50","25","35","50","5","25","15","2.4","0.5","1","0","15","13","0","0","4.2","0","0","10","0.07","0.17",NULL,"0","3",NULL,NULL,"1.02",NULL,NULL,"286056","33","285.3","11625.5"
"2025-04-11 11:38:07.255221","MIG CMT","C713 OP01","0711","9173.0",NULL,NULL,"238","16.1","11.9","240","18.5",NULL,"10","10","10","20","10","50","50","25","35","50","5","25","15","2.4","0.5","1","0","15","13","0","0","4.2","0","0","9.9","0.21","0.13",NULL,"0","0",NULL,NULL,"1.03",NULL,NULL,"286059","33","285.3","11625.5"
"2025-04-11 11:38:11.739966","MIG CMT","C711 OP01","0712","9175.0",NULL,NULL,"240","16.3","10.6","240","18.5",NULL,"10","10","10","20","10","50","50","25","35","50","5","25","15","2.4","0.5","1","0","15","13","0","0","4.1","0","0","10","0.1","0.1",NULL,"0","0",NULL,NULL,"1.03",NULL,NULL,"286059","33","285.3","11625.5"
"2025-04-11 11:38:16.193812","MIG CMT","C557 OP01","0714","9176.0",NULL,NULL,"241","16.9","11.5","240","18.5",NULL,"10","10","10","20","10","50","50","25","35","50","5","25","15","2.4","0.5","1","0","15","13","0","0","4.2","0","0","9.6","0.09","0.09",NULL,"0","0",NULL,NULL,"1.03",NULL,NULL,"286059","33","285.3","11625.5"
"2025-04-11 11:38:20.563093","MIG CMT","C553 OP01","0716","9177.0",NULL,NULL,"233","16.2","10.5","240","18.5",NULL,"10","10","10","20","10","50","50","25","35","50","5","25","15","2.4","0.5","1","0","15","13","0","0","4","0","0","9.2","0.13","0.13",NULL,"0","0",NULL,NULL,"1.02",NULL,NULL,"286059","33","285.3","11625.5"
"2025-04-11 11:38:24.971544","MIG CMT","C539 OP01","0718","9177.0",NULL,NULL,"240","16.9","12.2","240","18.5",NULL,"10","10","10","20","10","50","50","25","35","50","5","25","15","2.4","0.5","1","0","15","13","0","0","4.3","0","0","10","0.02","0.14",NULL,"0","0",NULL,NULL,"1.03",NULL,NULL,"286062","33","285.3","11625.5"
"2025-04-11 11:38:29.392186","MIG CMT","C375 OP01","0732","9178.0",NULL,NULL,"247","17.7","12.5","250","19.5",NULL,"10","10","10","20","10","50","50","25","35","50","5","25","15","2.4","0.5","1","0","15","13","0","0","4.9","0","0","8.4","1.4","0.39",NULL,"3","5",NULL,NULL,"1.02",NULL,NULL,"286062","33","285.3","11625.5"
"2025-04-11 11:38:33.84753","MIG CMT","C375 OP01","0732","9178.0",NULL,NULL,"255","17.8","13.1","250","19.5",NULL,"10","10","10","20","10","50","50","25","35","50","5","25","15","2.4","0.5","1","0","15","13","0","0","4.8","0","0","29.7","1.39","0.4",NULL,"2","6",NULL,NULL,"1.03",NULL,NULL,"286062","33","285.3","11625.5"
"2025-04-11 11:38:38.330552","MIG CMT","C375 OP01","0732","9179.0",NULL,NULL,"244","17.5","11.9","250","19.5",NULL,"10","10","10","20","10","50","50","25","35","50","5","25","15","2.4","0.5","1","0","15","13","0","0","4.7","0","0","1.3","1.38","0.46",NULL,"3","6",NULL,NULL,"1.02",NULL,NULL,"286062","33","285.3","11625.5"
"2025-04-11 11:38:42.719765","MIG CMT","C624 OP01","0734","9179.0",NULL,NULL,"253","18.8","13.2","257","19.6",NULL,"10","10","10","20","10","50","50","25","35","50","5","25","15","2.4","0.5","1","0","15","13","0","0","5","0","0","20.1","1.38","0.35",NULL,"2","6",NULL,NULL,"1.02",NULL,NULL,"286062","33","285.3","11625.5"
"2025-04-11 11:38:47.16873","MIG CMT","C624 OP01","0734","9180.0",NULL,NULL,"247","18.2","12.8","257","19.6",NULL,"10","10","10","20","10","50","50","25","35","50","5","25","15","2.4","0.5","1","0","15","13","0","0","1.9","0","0","0.523","1.12","0.43",NULL,"2","5",NULL,NULL,"1.02",NULL,NULL,"286065","33","285.3","11625.5"
"2025-04-11 11:38:51.766034","MIG CMT","C226 OP01","0736","9180.0",NULL,NULL,"257","16.9","11.3","257","19.6",NULL,"10","10","10","20","10","50","50","25","35","50","5","25","15","2.4","0.5","1","0","15","13","0","0","4.5","0","0","22.2","1.45","0.47",NULL,"3","7",NULL,NULL,"1.02",NULL,NULL,"286065","33","285.3","11625.5"
"2025-04-11 11:38:56.16328","MIG CMT","C6444 OP01","0709","9181.0",NULL,NULL,"252","17.2","11.3","270","19.8",NULL,"10","10","10","20","10","50","50","25","35","50","5","25","15","2.4","0.5","1","0","15","13","0","0","4.7","0","0","8.5","1.34","0.45",NULL,"2","6",NULL,NULL,"1.04",NULL,NULL,"286067","33","285.3","11625.5"
"2025-04-11 11:39:00.628076","MIG CMT","C6448 OP01","0707","9182.0",NULL,NULL,"255","17.1","10.9","270","19.8",NULL,"10","10","10","20","10","50","50","25","35","50","5","25","15","2.4","0.5","1","0","15","13","0","0","4.8","0","0","5.9","1.33","0.47",NULL,"2","7",NULL,NULL,"1.03",NULL,NULL,"286067","33","285.3","11625.5"
"2025-04-11 11:39:05.116056","MIG CMT","C6448 OP01","0707","9183.0",NULL,NULL,"265","17.2","12","270","19.8",NULL,"10","10","10","20","10","50","50","25","35","50","5","25","15","2.4","0.5","1","0","15","13","0","0","0","0","0","0.543","0.27","0.25",NULL,"0","0",NULL,NULL,"1.03",NULL,NULL,"286067","34","285.3","11625.5"
"2025-04-11 11:39:09.788301","MIG CMT","C6464 OP01","0705","9183.0",NULL,NULL,"257","17.3","11.1","270","19.8",NULL,"10","10","10","20","10","50","50","25","35","50","5","25","15","2.4","0.5","1","0","15","13","0","0","4.8","0","0","19","0.18","0.2",NULL,"0","1",NULL,NULL,"1.03",NULL,NULL,"286067","34","285.3","11625.5"
"2025-04-11 11:39:14.221038","MIG CMT","C6468 OP01","0703","9184.0",NULL,NULL,"250","17.1","11.7","270","19.8",NULL,"10","10","10","20","10","50","50","25","35","50","5","25","15","2.4","0.5","1","0","15","13","0","0","4.9","0","0","16.4","1.36","0.41",NULL,"1","6",NULL,NULL,"1.03",NULL,NULL,"286070","34","285.3","11625.5"
"2025-04-11 11:39:18.618927","MIG CMT","C6482 OP01","0702","9185.0",NULL,NULL,"262","17.2","12.7","270","19.8",NULL,"10","10","10","20","10","50","50","25","35","50","5","25","15","2.4","0.5","1","0","15","13","0","0","5.2","0","0","7.8","1.48","0.39",NULL,"4","6",NULL,NULL,"1.03",NULL,NULL,"286070","34","285.3","11625.5"
"2025-04-11 11:39:23.056495","MIG CMT","C6466 OP01","0704","9186.0",NULL,NULL,"258","18","12.4","270","19.8",NULL,"10","10","10","20","10","50","50","25","35","50","5","25","15","2.4","0.5","1","0","15","13","0","0","4.8","0","0","6.6","1.35","0.45",NULL,"3","7",NULL,NULL,"1.02",NULL,NULL,"286070","34","285.3","11625.5"
"2025-04-11 11:39:27.445729","MIG CMT","C6462 OP01","0706","9187.0",NULL,NULL,"270","19.8","14.5","270","19.8",NULL,"10","10","10","20","10","50","50","25","35","50","5","25","15","2.4","0.5","1","0","15","13","0","0","4.8","0","0","3.4","1.31","0.37",NULL,"2","6",NULL,NULL,"1.03",NULL,NULL,"286070","34","285.3","11625.5"
"2025-04-11 11:39:31.949808","MIG CMT","C6462 OP01","0706","9188.0",NULL,NULL,"263","17.5","12.2","270","19.8",NULL,"10","10","10","20","10","50","50","25","35","50","5","25","15","2.4","0.5","1","0","15","13","0","0","4.8","0","0","18.4","0.06","0.14",NULL,"0","2",NULL,NULL,"1.03",NULL,NULL,"286074","34","285.3","11625.5"
"2025-04-11 11:39:36.510302","MIG CMT","C6446 OP01","0708","9188.0",NULL,NULL,"260","17.8","12.2","270","19.8",NULL,"10","10","10","20","10","50","50","25","35","50","5","25","15","2.4","0.5","1","0","15","13","0","0","4.9","0","0","18","0.07","0.15",NULL,"0","0",NULL,NULL,"1.03",NULL,NULL,"286074","34","285.3","11625.5"
"2025-04-11 11:39:40.951352","MIG CMT","op 10-new1","0684","9189.0",NULL,NULL,"126","14.7","4.7","127","15.4",NULL,"10","10","10","20","10","50","50","25","35","50","5","25","15","2.4","0.5","1","0","15","13","0","0","2.4","0","0","2.6","0.06","0.1",NULL,"0","0",NULL,NULL,"1.03",NULL,NULL,"286074","34","285.3","11625.5"
"2025-04-11 11:39:45.374309","MIG CMT","op 10 -new2","0685","9190.0",NULL,NULL,"123","14.8","4.5","127","15.4",NULL,"10","10","10","20","10","50","50","25","35","50","5","25","15","2.4","0.5","1","0","15","13","0","0","2.4","0","0","2.1","0.23","0.12",NULL,"0","0",NULL,NULL,"1.03",NULL,NULL,"286074","34","285.3","11625.5"
"2025-04-11 11:39:49.844624","MIG CMT","op 10 -new2","0685","9191.0",NULL,NULL,"131","14.7","4.7","127","15.4",NULL,"10","10","10","20","10","50","50","25","35","50","5","25","15","2.4","0.5","1","0","15","13","0","0","2.4","0","0","2.1","0","0",NULL,"0","0",NULL,NULL,"1.02",NULL,NULL,"286074","34","285.3","11625.5"
"2025-04-11 11:39:54.237723","MIG CMT","op 10 -new2","0685","9191.0",NULL,NULL,"131","14.7","4.7","127","15.4",NULL,"10","10","10","20","10","50","50","25","35","50","5","25","15","2.4","0.5","1","0","15","13","0","0","2.4","0","0","2.1","0.16","0.18",NULL,"0","1",NULL,NULL,"1.02",NULL,NULL,"286074","34","285.3","11625.5"
"2025-04-11 11:39:58.689216","MIG CMT","op 10 -new2","0685","9191.0",NULL,NULL,"131","14.7","4.7","127","15.4",NULL,"10","10","10","20","10","50","50","25","35","50","5","25","15","2.4","0.5","1","0","15","13","0","0","2.4","0","0","2.1","0","0.09",NULL,"0","0",NULL,NULL,"1.02",NULL,NULL,"286074","34","285.3","11625.5"
"2025-04-11 11:40:03.064483","MIG CMT","op 10 -new2","0685","9191.0",NULL,NULL,"131","14.7","4.7","127","15.4",NULL,"10","10","10","20","10","50","50","25","35","50","5","25","15","2.4","0.5","1","0","15","13","0","0","2.4","0","0","2.1","0","0",NULL,"0","0",NULL,NULL,"1.02",NULL,NULL,"286074","34","285.3","11625.5"
"2025-04-11 11:40:12.369823","MIG CMT","op 10 -new2","0685","9191.0",NULL,NULL,"131","14.7","4.7","127","15.4",NULL,"10","10","10","20","10","50","50","25","35","50","5","25","15","2.4","0.5","1","0","15","13","0","0","2.4","0","0","2.1","0","0",NULL,"0","0",NULL,NULL,"1.03",NULL,NULL,"286074","34","285.3","11625.5"
"2025-04-11 11:40:16.847966","MIG CMT","op 10 -new2","0685","9191.0",NULL,NULL,"131","14.7","4.7","127","15.4",NULL,"10","10","10","20","10","50","50","25","35","50","5","25","15","2.4","0.5","1","0","15","13","0","0","2.4","0","0","2.1","0","0",NULL,"0","0",NULL,NULL,"1.02",NULL,NULL,"286074","34","285.3","11625.5"
"2025-04-11 11:40:21.282875","MIG CMT","op 10 -new2","0685","9191.0",NULL,NULL,"131","14.7","4.7","127","15.4",NULL,"10","10","10","20","10","50","50","25","35","50","5","25","15","2.4","0.5","1","0","15","13","0","0","2.4","0","0","2.1","0","0",NULL,"0","0",NULL,NULL,"1.03",NULL,NULL,"286074","33","285.3","11625.5"
"2025-04-11 11:40:25.677171","MIG CMT","op 10 -new2","0685","9191.0",NULL,NULL,"131","14.7","4.7","127","15.4",NULL,"10","10","10","20","10","50","50","25","35","50","5","25","15","2.4","0.5","1","0","15","13","0","0","2.4","0","0","2.1","0","0",NULL,"0","0",NULL,NULL,"1.02",NULL,NULL,"286074","33","285.3","11625.5"
"2025-04-11 11:40:47.627218","MIG CMT","op 10 -new2","0685","9191.0",NULL,NULL,"131","14.7","4.7","127","15.4",NULL,"10","10","10","20","10","50","50","25","35","50","5","25","15","2.4","0.5","1","0","15","13","0","0","2.4","0","0","2.1","0","0",NULL,"0","0",NULL,NULL,"1.03",NULL,NULL,"286074","33","285.3","11625.5"
"2025-04-11 11:40:52.090676","MIG CMT","op 10 -new2","0685","9191.0",NULL,NULL,"131","14.7","4.7","127","15.4",NULL,"10","10","10","20","10","50","50","25","35","50","5","25","15","2.4","0.5","1","0","15","13","0","0","2.4","0","0","2.1","0","0",NULL,"0","0",NULL,NULL,"1.02",NULL,NULL,"286074","33","285.3","11625.5"
"2025-04-11 11:40:56.424424","MIG CMT","op 10 -new2","0685","9191.0",NULL,NULL,"131","14.7","4.7","127","15.4",NULL,"10","10","10","20","10","50","50","25","35","50","5","25","15","2.4","0.5","1","0","15","13","0","0","2.4","0","0","2.1","0","0",NULL,"0","0",NULL,NULL,"1.03",NULL,NULL,"286074","33","285.3","11625.5"
"2025-04-11 11:41:00.815654","MIG CMT","op 10 -new2","0685","9191.0",NULL,NULL,"131","14.7","4.7","127","15.4",NULL,"10","10","10","20","10","50","50","25","35","50","5","25","15","2.4","0.5","1","0","15","13","0","0","2.4","0","0","2.1","0","0",NULL,"0","0",NULL,NULL,"1.02",NULL,NULL,"286074","33","285.3","11625.5"
"2025-04-11 11:41:09.721654","MIG CMT","op 10 -new2","0685","9191.0",NULL,NULL,"131","14.7","4.7","127","15.4",NULL,"10","10","10","20","10","50","50","25","35","50","5","25","15","2.4","0.5","1","0","15","13","0","0","2.4","0","0","2.1","0","0",NULL,"0","0",NULL,NULL,"1.02",NULL,NULL,"286074","32","285.3","11625.5"
"2025-04-11 11:41:31.909553","MIG CMT","op 10 -new2","0685","9191.0",NULL,NULL,"131","14.7","4.7","127","15.4",NULL,"10","10","10","20","10","50","50","25","35","50","5","25","15","2.4","0.5","1","0","15","13","0","0","2.4","0","0","2.1","0","0",NULL,"0","0",NULL,NULL,"1.03",NULL,NULL,"286074","32","285.3","11625.5"
"2025-04-11 11:41:40.894097","MIG CMT","op 10 -new2","0685","9191.0",NULL,NULL,"131","14.7","4.7","127","15.4",NULL,"10","10","10","20","10","50","50","25","35","50","5","25","15","2.4","0.5","1","0","15","13","0","0","2.4","0","0","2.1","0","0",NULL,"0","0",NULL,NULL,"1.02",NULL,NULL,"286074","32","285.3","11625.5"
"2025-04-11 11:41:45.290104","MIG CMT","op 10 -new2","0685","9191.0",NULL,NULL,"131","14.7","4.7","127","15.4",NULL,"10","10","10","20","10","50","50","25","35","50","5","25","15","2.4","0.5","1","0","15","13","0","0","2.4","0","0","2.1","0","0",NULL,"0","0",NULL,NULL,"1.03",NULL,NULL,"286074","32","285.3","11625.5"
"2025-04-11 11:41:49.625732","MIG CMT","op 10 -new2","0685","9191.0",NULL,NULL,"131","14.7","4.7","127","15.4",NULL,"10","10","10","20","10","50","50","25","35","50","5","25","15","2.4","0.5","1","0","15","13","0","0","2.4","0","0","2.1","0","0",NULL,"0","0",NULL,NULL,"0",NULL,NULL,"286074","32","285.3","11625.5"
"2025-04-11 11:42:55.392006","MIG CMT","op 10 -new2","0685","9191.0",NULL,NULL,"131","14.7","4.7","127","15.4",NULL,"10","10","10","20","10","50","50","25","35","50","5","25","15","2.4","0.5","1","0","15","13","0","0","2.4","0","0","2.1","0","0",NULL,"0","0",NULL,NULL,"0",NULL,NULL,"286074","31","285.3","11625.5"
"2025-04-11 11:43:04.500881","MIG CMT","op 10 -new2","0685","9191.0",NULL,NULL,"131","14.7","4.7","127","15.4",NULL,"10","10","10","20","10","50","50","25","35","50","5","25","15","2.4","0.5","1","0","15","13","0","0","2.4","0","0","2.1","0","0",NULL,"0","0",NULL,NULL,"0",NULL,NULL,"286074","31","285.3","11625.6"
"2025-04-11 11:45:04.442438","MIG CMT","op 10 -new2","0685","9191.0",NULL,NULL,"131","14.7","4.7","127","15.4",NULL,"10","10","10","20","10","50","50","25","35","50","5","25","15","2.4","0.5","1","0","15","13","0","0","2.4","0","0","2.1","0","0",NULL,"0","0",NULL,NULL,"0",NULL,NULL,"286074","30","285.3","11625.6"
"2025-04-11 11:49:03.947583","MIG CMT","op 10 -new2","0685","9191.0",NULL,NULL,"131","14.7","4.7","127","15.4",NULL,"10","10","10","20","10","50","50","25","35","50","5","25","15","2.4","0.5","1","0","15","13","0","0","2.4","0","0","2.1","0","0",NULL,"0","0",NULL,NULL,"0",NULL,NULL,"286074","30","285.3","11625.7"
"2025-04-11 11:50:22.292193","MIG CMT","C4682 ENS07","0098","9191.0",NULL,NULL,"208","16.8","9.2","184","17.5",NULL,"10","10","10","20","10","50","50","25","35","50","5","25","15","2.4","0.5","1","0","15","13","-2","0","3.9","0","0","13.1","1","0.27",NULL,"1","5",NULL,NULL,"1.08",NULL,NULL,"286077","30","285.3","11625.7"
"2025-04-11 11:50:26.830844","MIG CMT","C8224 ENS07","0111","9193.0",NULL,NULL,"174","15.7","7.3","165","17.1",NULL,"10","10","10","20","10","50","50","25","35","50","5","25","15","2.4","0.5","1","0","15","13","0","0","3","0","0","6","0.01","0.1",NULL,"0","0",NULL,NULL,"1.19",NULL,NULL,"286077","29","285.3","11625.7"
"2025-04-11 11:50:31.597234","MIG CMT","C8224 ENS07","0111","9193.0",NULL,NULL,"189","16.2","8.1","165","17.1",NULL,"10","10","10","20","10","50","50","25","35","50","5","25","15","2.4","0.5","1","0","15","13","0","0","3.4","0","0","9.2","1.41","0.25",NULL,"2","5",NULL,NULL,"1.11",NULL,NULL,"286077","29","285.3","11625.7"
"2025-04-11 11:50:36.334589","MIG CMT","C8224 ENS07","0111","9194.0",NULL,NULL,"165","17.1","8","165","17.1",NULL,"10","10","10","20","10","50","50","25","35","50","5","25","15","2.4","0.5","1","0","15","13","0","0","3.4","0","0","3.2","1.38","0.26",NULL,"3","6",NULL,NULL,"1.07",NULL,NULL,"286077","29","285.3","11625.7"
"2025-04-11 11:50:40.838692","MIG CMT","C8224 ENS07","0111","9195.0",NULL,NULL,"174","15.7","7.5","165","17.1",NULL,"10","10","10","20","10","50","50","25","35","50","5","25","15","2.4","0.5","1","0","15","13","0","0","3","0","0","12.1","0.02","0.16",NULL,"0","0",NULL,NULL,"1.05",NULL,NULL,"286080","29","285.3","11625.7"
"2025-04-11 11:50:45.314644","MIG CMT","C288 ENS07","0099","9195.0",NULL,NULL,"279","18.5","14.6","263","19.7",NULL,"10","10","10","20","10","50","50","25","35","50","5","25","15","2.4","0.5","1","0","15","13","0","0","5.2","0","0","8.9","0.06","0.09",NULL,"0","0",NULL,NULL,"1.03",NULL,NULL,"286080","29","285.3","11625.7"
"2025-04-11 11:50:49.890591","MIG CMT","C193 ENS07","0106","9197.0",NULL,NULL,"274","18.2","13.3","263","19.7",NULL,"10","10","10","20","10","50","50","25","35","50","5","25","15","2.4","0.5","1","0","15","13","0","0","3.9","0","0","2.3","1.51","0.29",NULL,"4","6",NULL,NULL,"1.03",NULL,NULL,"286080","29","285.3","11625.7"
"2025-04-11 11:50:54.235066","MIG CMT","C1917 ENS07","0090","9197.0",NULL,NULL,"246","16.8","11.9","240","18.5",NULL,"10","10","10","20","10","50","50","25","35","50","5","25","15","2.4","0.5","1","0","15","13","0","0","4.5","0","0","17.2","0.16","0.13",NULL,"0","0",NULL,NULL,"1.02",NULL,NULL,"286080","30","285.3","11625.7"
"2025-04-11 11:50:58.743995","MIG CMT","C1919 ENS07","0089","9198.0",NULL,NULL,"246","17","12.2","240","18.5",NULL,"10","10","10","20","10","50","50","25","35","50","5","25","15","2.4","0.5","1","0","15","13","0","0","4.4","0","0","15.8","1.48","0.3",NULL,"4","5",NULL,NULL,"1.02",NULL,NULL,"286083","30","285.3","11625.7"
"2025-04-11 11:51:03.226401","MIG CMT","C135 ENS07","0114","9199.0",NULL,NULL,"186","16.2","7.5","165","17.1",NULL,"10","10","10","20","10","50","50","25","35","50","5","25","15","2.4","0.5","1","0","15","13","0","0","3.4","0","0","6.5","0.02","0.12",NULL,"0","0",NULL,NULL,"1.02",NULL,NULL,"286083","30","285.3","11625.7"
"2025-04-11 11:51:07.580337","MIG CMT","C1713 ENS07","0096","9200.0",NULL,NULL,"197","16.5","8.1","165","17.1",NULL,"10","10","10","20","10","50","50","25","35","50","5","25","15","2.4","0.5","1","0","15","13","0","0","3.5","0","0","11.3","1.29","0.34",NULL,"2","6",NULL,NULL,"1.02",NULL,NULL,"286083","30","285.3","11625.7"
"2025-04-11 11:51:12.07435","MIG CMT","C197 ENS07","0103","9201.0",NULL,NULL,"204","17.5","9.8","203","17.8",NULL,"10","10","10","20","10","50","50","25","35","50","5","25","15","2.4","0.5","1","0","15","13","0","0","3.9","0","0","6","1.38","0.3",NULL,"4","7",NULL,NULL,"1.03",NULL,NULL,"286086","30","285.3","11625.7"
"2025-04-11 11:51:16.497989","MIG CMT","C424 ENS07","0102","9203.0",NULL,NULL,"212","16.7","9.8","203","17.8",NULL,"10","10","10","20","10","50","50","25","35","50","5","25","15","2.4","0.5","1","0","15","13","0","0","3.9","0","0","7","0.01","0.1",NULL,"0","0",NULL,NULL,"1.03",NULL,NULL,"286086","31","285.3","11625.7"
"2025-04-11 11:51:20.969516","MIG CMT","C139 ENS07","0108","9203.0",NULL,NULL,"227","17","10.4","221","18.2",NULL,"10","10","10","20","10","50","50","25","35","50","5","25","15","2.4","0.5","1","0","15","13","0","0","4.2","0","0","13.6","1.43","0.28",NULL,"4","5",NULL,NULL,"1.03",NULL,NULL,"286086","31","285.3","11625.7"
"2025-04-11 11:51:25.478101","MIG CMT","C1717 ENS07","0095","9204.0",NULL,NULL,"230","16.7","10.3","221","18.2",NULL,"10","10","10","20","10","50","50","25","35","50","5","25","15","2.4","0.5","1","0","15","13","0","0","4.1","0","0","6.3","0.08","0.12",NULL,"0","0",NULL,NULL,"1.03",NULL,NULL,"286086","31","285.3","11625.7"
"2025-04-11 11:51:29.871577","MIG CMT","C133 ENS07","0115","9206.0",NULL,NULL,"204","16","8","193","17.7",NULL,"10","10","10","20","10","50","50","25","35","50","5","25","15","2.4","0.5","1","0","15","13","0","0","3.6","0","0","6.8","0.05","0.15",NULL,"0","0",NULL,NULL,"1.03",NULL,NULL,"286089","31","285.3","11625.7"
"2025-04-11 11:51:34.269446","MIG CMT","C131 ENS07","0116","9207.0",NULL,NULL,"207","16.5","8.7","193","17.7",NULL,"10","10","10","20","10","50","50","25","35","50","5","25","15","2.4","0.5","1","0","15","13","0","0","4.6","0","0","1.5","1.5","0.34",NULL,"3","5",NULL,NULL,"1.04",NULL,NULL,"286089","32","285.3","11625.7"
"2025-04-11 11:51:38.665353","MIG CMT","C195 ENS07","0104","9208.0",NULL,NULL,"246","19.3","13","250","19.5",NULL,"10","10","10","20","10","50","50","25","35","50","5","25","15","2.4","0.5","1","0","15","13","0","0","4.9","0","0","12.9","0.14","0.08",NULL,"0","0",NULL,NULL,"1.02",NULL,NULL,"286089","32","285.3","11625.7"
"2025-04-11 11:51:43.078782","MIG CMT","C426 ENS07","0100","9208.0",NULL,NULL,"256","19","14.1","257","19.6",NULL,"10","10","10","20","10","50","50","25","35","50","5","25","15","2.4","0.5","1","0","15","13","0","0","1.7","0","0","0.548","0.05","0.24",NULL,"4","3",NULL,NULL,"1.03",NULL,NULL,"286089","32","285.3","11625.7"
"2025-04-11 11:51:47.450063","MIG CMT","C426 ENS07","0100","9210.0",NULL,NULL,"262","18.3","13.2","257","19.6",NULL,"10","10","10","20","10","50","50","25","35","50","5","25","15","2.4","0.5","1","0","15","13","0","0","0","0","0","0","0","0",NULL,"0","0",NULL,NULL,"1.01",NULL,NULL,"286089","32","285.3","11625.7"
"2025-04-11 11:51:51.823808","MIG CMT","C199 ENS07","0101","9211.0",NULL,NULL,"250","19.5","13","250","19.5",NULL,"10","10","10","20","10","50","50","25","35","50","5","25","15","2.4","0.5","1","0","15","13","0","0","4.7","0","0","3.1","1.37","0.47",NULL,"3","7",NULL,NULL,"1.03",NULL,NULL,"286092","32","285.3","11625.7"
"2025-04-11 11:51:56.226488","MIG CMT","C422 ENS07","0105","9212.0",NULL,NULL,"245","18.6","12","250","19.5",NULL,"10","10","10","20","10","50","50","25","35","50","5","25","15","2.4","0.5","1","0","15","13","0","0","4.7","0","0","13.7","1.44","0.34",NULL,"3","5",NULL,NULL,"1.03",NULL,NULL,"286092","32","285.3","11625.7"
"2025-04-11 11:52:00.652557","MIG CMT","C6882 ENS07","0112","9213.0",NULL,NULL,"201","17.6","9.3","193","17.7",NULL,"10","10","10","20","10","50","50","25","35","50","5","25","15","2.4","0.5","1","0","15","13","0","0","3.8","0","0","6.8","0.01","0.12",NULL,"0","0",NULL,NULL,"1.04",NULL,NULL,"286092","33","285.3","11625.7"
"2025-04-11 11:52:04.99793","MIG CMT","C6868 ENS07","0113","9214.0",NULL,NULL,"202","17.2","9.1","193","17.7",NULL,"10","10","10","20","10","50","50","25","35","50","5","25","15","2.4","0.5","1","0","15","13","0","0","3.8","0","0","6.6","0.05","0.1",NULL,"0","0",NULL,NULL,"1.03",NULL,NULL,"286092","33","285.3","11625.8"
"2025-04-11 11:52:09.375422","MIG CMT","C6868 ENS07","0113","9216.0",NULL,NULL,"195","17.5","8.7","193","17.7",NULL,"10","10","10","20","10","50","50","25","35","50","5","25","15","2.4","0.5","1","0","15","13","0","0","3.7","0","0","7.7","0.02","0.15",NULL,"0","0",NULL,NULL,"1.03",NULL,NULL,"286095","33","285.3","11625.8"
"2025-04-11 11:52:13.809687","MIG CMT","C224 ENS07","0109","9216.0",NULL,NULL,"241","16.7","11.9","240","18.5",NULL,"10","10","10","20","10","50","50","25","35","50","5","25","15","2.4","0.5","1","0","15","13","0","0","4.2","0","0","14.6","1.45","0.3",NULL,"3","5",NULL,NULL,"1.03",NULL,NULL,"286095","33","285.3","11625.8"
"2025-04-11 11:52:18.29789","MIG CMT","C224 ENS07","0109","9217.0",NULL,NULL,"237","16.7","11.7","240","18.5",NULL,"10","10","10","20","10","50","50","25","35","50","5","25","15","2.4","0.5","1","0","15","13","0","0","4.2","0","0","15.8","0","0",NULL,"0","0",NULL,NULL,"1.03",NULL,NULL,"286095","33","285.3","11625.8"
"2025-04-11 11:52:22.887355","MIG CMT","C6262 ENS07","0091","9217.0",NULL,NULL,"204","16.8","9.3","184","17.5",NULL,"10","10","10","20","10","50","50","25","35","50","5","25","15","2.4","0.5","1","0","15","13","0","0","3.8","0","0","13.6","1.12","0.29",NULL,"1","5",NULL,NULL,"1.03",NULL,NULL,"286095","33","285.4","11625.8"
"2025-04-11 11:52:27.260813","MIG CMT","C6246 ENS07","0094","9218.0",NULL,NULL,"201","17","9.2","184","17.5",NULL,"10","10","10","20","10","50","50","25","35","50","5","25","15","2.4","0.5","1","0","15","13","0","0","3.8","0","0","6.5","1.44","0.29",NULL,"3","6",NULL,NULL,"1.02",NULL,NULL,"286097","33","285.4","11625.8"
"2025-04-11 11:52:31.670388","MIG CMT","C6246 ENS07","0094","9219.0",NULL,NULL,"216","16.8","10.5","184","17.5",NULL,"10","10","10","20","10","50","50","25","35","50","5","25","15","2.4","0.5","1","0","15","13","0","0","0.291","0","0","0.17","1.22","0.05",NULL,"3","3",NULL,NULL,"1.03",NULL,NULL,"286097","33","285.4","11625.8"
"2025-04-11 11:52:36.311617","MIG CMT","C6133  ENS07","0087","9220.0",NULL,NULL,"201","16.8","8.8","184","17.5",NULL,"10","10","10","20","10","50","50","25","35","50","5","25","15","2.4","0.5","1","0","15","13","0","0","3.7","0","0","12.7","0.01","0.12",NULL,"0","0",NULL,NULL,"1.03",NULL,NULL,"286097","33","285.4","11625.8"
"2025-04-11 11:52:40.879226","MIG CMT","C1931 ENS07","0088","9220.0",NULL,NULL,"213","16.9","9.8","184","17.5",NULL,"10","10","10","20","10","50","50","25","35","50","5","25","15","2.4","0.5","1","0","15","13","0","0","3.9","0","0","13.5","0.04","0.11",NULL,"0","0",NULL,NULL,"1.03",NULL,NULL,"286097","33","285.4","11625.8"
"2025-04-11 11:52:45.348588","MIG CMT","C222 ENS07","0110","9222.0",NULL,NULL,"250","16.4","11.3","240","18.5",NULL,"10","10","10","20","10","50","50","25","35","50","5","25","15","2.4","0.5","1","0","15","13","0","0","4.3","0","0","6.1","0.14","0.11",NULL,"0","0",NULL,NULL,"1.04",NULL,NULL,"286100","33","285.4","11625.8"
"2025-04-11 11:52:49.78839","MIG CMT","C151 ENS07","0107","9223.0",NULL,NULL,"254","16","10.9","245","19",NULL,"10","10","10","20","10","50","50","25","35","50","5","25","15","2.4","0.5","1","0","15","13","0","0","4.3","0","0","6.1","0.01","0.12",NULL,"0","0",NULL,NULL,"1.03",NULL,NULL,"286100","33","285.4","11625.8"
"2025-04-11 11:52:54.139666","MIG CMT","C151 ENS07","0107","9223.0",NULL,NULL,"254","16","10.9","245","19",NULL,"10","10","10","20","10","50","50","25","35","50","5","25","15","2.4","0.5","1","0","15","13","0","0","4.3","0","0","6.1","0","0",NULL,"0","0",NULL,NULL,"1.03",NULL,NULL,"286100","33","285.4","11625.8"
"2025-04-11 11:52:58.725782","MIG CMT","C151 ENS07","0107","9223.0",NULL,NULL,"254","16","10.9","245","19",NULL,"10","10","10","20","10","50","50","25","35","50","5","25","15","2.4","0.5","1","0","15","13","0","0","4.3","0","0","0","0","0",NULL,"0","2",NULL,NULL,"1.03",NULL,NULL,"286100","33","285.4","11625.8"
"2025-04-11 11:53:03.130689","MIG CMT","C3375 OP01","0691","9224.0",NULL,NULL,"240","18.5","12","240","18.5",NULL,"10","10","10","20","10","50","50","25","35","50","5","25","15","2.4","0.5","1","0","15","13","0","0","3.9","0","0","2.7","1.22","0.33",NULL,"1","6",NULL,NULL,"1.02",NULL,NULL,"286100","33","285.4","11625.8"
"2025-04-11 11:53:07.591517","MIG CMT","C3375 OP01","0691","9226.0",NULL,NULL,"243","15.5","9.5","240","18.5",NULL,"10","10","10","20","10","50","50","25","35","50","5","25","15","2.4","0.5","1","0","15","13","0","0","4","0","0","2.3","0.03","0.05",NULL,"0","0",NULL,NULL,"1.03",NULL,NULL,"286100","33","285.4","11625.8"
"2025-04-11 11:53:12.038659","MIG CMT","C3375 OP01","0691","9227.0",NULL,NULL,"248","16.5","11.3","240","18.5",NULL,"10","10","10","20","10","50","50","25","35","50","5","25","15","2.4","0.5","1","0","15","13","0","0","4.3","0","0","2.8","0.02","0.11",NULL,"0","0",NULL,NULL,"1.02",NULL,NULL,"286100","33","285.4","11625.8"
"2025-04-11 11:53:16.565347","MIG CMT","C377 OP01","0731","9227.0",NULL,NULL,"256","17.2","12.5","250","19.5",NULL,"10","10","10","20","10","50","50","25","35","50","5","25","15","2.4","0.5","1","0","15","13","0","0","4.8","0","0","16.7","1.45","0.49",NULL,"4","7",NULL,NULL,"1.03",NULL,NULL,"286100","33","285.4","11625.8"
"2025-04-11 11:53:21.069414","MIG CMT","C377 OP01","0731","9228.0",NULL,NULL,"261","17","12.3","240","18.5",NULL,"10","10","10","20","10","50","50","25","35","50","5","25","15","2.4","0.5","1","0","15","13","0","0","4","0","0","2.5","1.48","0.34",NULL,"3","5",NULL,NULL,"1.02",NULL,NULL,"286103","33","285.4","11625.8"
"2025-04-11 11:53:25.408708","MIG CMT","C8662 OP01","0687","9230.0",NULL,NULL,"245","15.6","9.2","240","18.5",NULL,"10","10","10","20","10","50","50","25","35","50","5","25","15","2.4","0.5","1","0","15","13","0","0","4","0","0","2.7","0.04","0.11",NULL,"0","0",NULL,NULL,"1.02",NULL,NULL,"286103","33","285.4","11625.8"
"2025-04-11 11:53:29.781872","MIG CMT","C3375 OP01","0691","9231.0",NULL,NULL,"238","15.4","8.9","240","18.5",NULL,"10","10","10","20","10","50","50","25","35","50","5","25","15","2.4","0.5","1","0","15","13","0","0","3.9","0","0","3.1","0.01","0.15",NULL,"0","0",NULL,NULL,"1.02",NULL,NULL,"286103","33","285.4","11625.8"
"2025-04-11 11:53:34.197675","MIG CMT","C3375 OP01","0691","9232.0",NULL,NULL,"242","16.4","10.2","240","18.5",NULL,"10","10","10","20","10","50","50","25","35","50","5","25","15","2.4","0.5","1","0","15","13","0","0","0.754","0","0","0.277","1.12","0.42",NULL,"1","3",NULL,NULL,"1.02",NULL,NULL,"286103","32","285.4","11625.8"
"2025-04-11 11:53:38.606449","MIG CMT","OP01_C828","0733","9232.0",NULL,NULL,"246","16.4","12.1","240","18.5",NULL,"10","10","10","20","10","50","50","25","35","50","5","25","15","2.4","0.5","1","0","15","13","0","0","4.2","0","0","16","0.03","0.11",NULL,"0","0",NULL,NULL,"1.03",NULL,NULL,"286103","33","285.4","11625.8"
"2025-04-11 11:53:43.044856","MIG CMT","C844 OP01","0725","9233.0",NULL,NULL,"192","16.2","8.3","240","18.5",NULL,"10","10","10","20","10","50","50","25","35","50","5","25","15","2.4","0.5","1","0","15","13","0","0","4.2","0","0","3.1","1.43","0.32",NULL,"3","6",NULL,NULL,"1.02",NULL,NULL,"286106","33","285.4","11625.8"
"2025-04-11 11:53:47.565564","MIG CMT","C846 OP01","0724","9234.0",NULL,NULL,"239","16.4","10.7","240","18.5",NULL,"10","10","10","20","10","50","50","25","35","50","5","25","15","2.4","0.5","1","0","15","13","0","0","4.3","0","0","4.7","1.49","0.33",NULL,"3","7",NULL,NULL,"1.02",NULL,NULL,"286106","33","285.4","11625.8"
"2025-04-11 11:53:51.998971","MIG CMT","C862 OP01","0722","9235.0",NULL,NULL,"240","15.8","9.6","240","18.5",NULL,"10","10","10","20","10","50","50","25","35","50","5","25","15","2.4","0.5","1","0","15","13","0","0","4.2","0","0","4.9","1.47","0.33",NULL,"3","6",NULL,NULL,"1.03",NULL,NULL,"286106","33","285.4","11625.8"
"2025-04-11 11:53:56.597879","MIG CMT","C842 OP01","0726","9236.0",NULL,NULL,"240","18.5","12","240","18.5",NULL,"10","10","10","20","10","50","50","25","35","50","5","25","15","2.4","0.5","1","0","15","13","0","0","4.3","0","0","3.9","1.46","0.34",NULL,"4","6",NULL,NULL,"1.02",NULL,NULL,"286106","33","285.4","11625.8"
"2025-04-11 11:54:01.149738","MIG CMT","C824 OP01","0729","9237.0",NULL,NULL,"245","16.5","10.9","240","18.5",NULL,"10","10","10","20","10","50","50","25","35","50","5","25","15","2.4","0.5","1","0","15","13","0","0","4.3","0","0","6.6","1.51","0.34",NULL,"3","6",NULL,NULL,"1.03",NULL,NULL,"286109","33","285.4","11625.8"
"2025-04-11 11:54:05.587769","MIG CMT","C826 OP01","0728","9238.0",NULL,NULL,"244","15.5","9.8","240","18.5",NULL,"10","10","10","20","10","50","50","25","35","50","5","25","15","2.4","0.5","1","0","15","13","0","0","4","0","0","5.9","1.34","0.37",NULL,"3","6",NULL,NULL,"1.03",NULL,NULL,"286109","33","285.4","11625.8"
"2025-04-11 11:54:10.001599","MIG CMT","C826 OP01","0728","9238.0",NULL,NULL,"244","15.8","10.6","240","18.5",NULL,"10","10","10","20","10","50","50","25","35","50","5","25","15","2.4","0.5","1","0","15","13","0","0","4","0","0","23.8","1.35","0.36",NULL,"3","6",NULL,NULL,"1.03",NULL,NULL,"286109","33","285.4","11625.8"
"2025-04-11 11:54:14.46329","MIG CMT","C826 OP01","0728","9239.0",NULL,NULL,"74","8.5","3.3","240","18.5",NULL,"10","10","10","20","10","50","50","25","35","50","5","25","15","2.4","0.5","1","0","15","13","0","0","4.3","0","0","3.6","1.47","0.33",NULL,"4","5",NULL,NULL,"1.03",NULL,NULL,"286109","33","285.4","11625.8"
"2025-04-11 11:54:18.960037","MIG CMT","C828 OP01","0727","9240.0",NULL,NULL,"102","10.2","9.3","240","18.5",NULL,"10","10","10","20","10","50","50","25","35","50","5","25","15","2.4","0.5","1","0","15","13","0","0","4","0","0","3.7","1.43","0.32",NULL,"3","6",NULL,NULL,"1.02",NULL,NULL,"286112","33","285.4","11625.8"
"2025-04-11 11:54:23.450695","MIG CMT","C864 OP01","0721","9241.0",NULL,NULL,"245","15.6","10.2","240","18.5",NULL,"10","10","10","20","10","50","50","25","35","50","5","25","15","2.4","0.5","1","0","15","13","0","0","4.1","0","0","5.8","1.44","0.43",NULL,"4","6",NULL,NULL,"1.03",NULL,NULL,"286112","33","285.4","11625.8"
"2025-04-11 11:54:27.904928","MIG CMT","C848 OP01","0723","9242.0",NULL,NULL,"247","16.1","10.9","240","18.5",NULL,"10","10","10","20","10","50","50","25","35","50","5","25","15","2.4","0.5","1","0","15","13","0","0","4.2","0","0","6.5","1.45","0.33",NULL,"4","6",NULL,NULL,"1.03",NULL,NULL,"286112","33","285.4","11625.8"
"2025-04-11 11:54:32.282242","MIG CMT","C848 OP01","0723","9242.0",NULL,NULL,"232","15.7","9.6","240","18.5",NULL,"10","10","10","20","10","50","50","25","35","50","5","25","15","2.4","0.5","1","0","15","13","0","0","4","0","0","10.9","1.43","0.36",NULL,"4","7",NULL,NULL,"1.02",NULL,NULL,"286112","33","285.4","11625.8"
"2025-04-11 11:54:36.656855","MIG CMT","C848 OP01","0723","9243.0",NULL,NULL,"232","15.7","9.6","240","18.5",NULL,"10","10","10","20","10","50","50","25","35","50","5","25","15","2.4","0.5","1","0","15","13","0","0","4","0","0","10.9","0.13","0.08",NULL,"0","0",NULL,NULL,"1.03",NULL,NULL,"286112","33","285.4","11625.8"
"2025-04-11 11:54:41.125543","MIG CMT","C848 OP01","0723","9245.0",NULL,NULL,"227","16.8","10.2","240","18.5",NULL,"10","10","10","20","10","50","50","25","35","50","5","25","15","2.4","0.5","1","0","15","13","0","0","4.2","0","0","4.5","1.53","0.34",NULL,"2","5",NULL,NULL,"1.02",NULL,NULL,"286115","33","285.4","11625.8"
"2025-04-11 11:54:45.638022","MIG CMT","C115 OP01","0740","9246.0",NULL,NULL,"240","17","11.6","240","18.5",NULL,"10","10","10","20","10","50","50","25","35","50","5","25","15","2.4","0.5","1","0","15","13","0","0","4.4","0","0","6.4","1.58","0.35",NULL,"2","5",NULL,NULL,"1.02",NULL,NULL,"286115","33","285.4","11625.8"
"2025-04-11 11:54:50.105545","MIG CMT","C117 OP01","0739","9247.0",NULL,NULL,"232","18.1","11.2","263","19.7",NULL,"10","10","10","20","10","50","50","25","35","50","5","25","15","2.4","0.5","1","0","15","13","0","0","5.3","0","0","6.5","1.55","0.4",NULL,"3","7",NULL,NULL,"1.03",NULL,NULL,"286115","33","285.4","11625.8"
"2025-04-11 11:54:54.673689","MIG CMT","C119 OP01","0738","9248.0",NULL,NULL,"211","16","9.3","221","18.2",NULL,"10","10","10","20","10","50","50","25","35","50","5","25","15","2.4","0.5","1","0","15","13","0","0","4.1","0","0","5.8","1.04","0.35",NULL,"1","7",NULL,NULL,"1.02",NULL,NULL,"286118","33","285.4","11625.8"
"2025-04-11 11:54:59.085122","MIG CMT","C137 OP01","0737","9249.0",NULL,NULL,"252","18.9","13.4","257","19.6",NULL,"10","10","10","20","10","50","50","25","35","50","5","25","15","2.4","0.5","1","0","15","13","0","0","4.9","0","0","7.9","1.51","0.38",NULL,"3","5",NULL,NULL,"1.02",NULL,NULL,"286118","33","285.4","11625.8"
"2025-04-11 11:55:03.489592","MIG CMT","C137 OP01","0737","9249.0",NULL,NULL,"258","18.8","14.1","257","19.6",NULL,"10","10","10","20","10","50","50","25","35","50","5","25","15","2.4","0.5","1","0","15","13","0","0","5","0","0","29.1","1.55","0.35",NULL,"3","5",NULL,NULL,"1.02",NULL,NULL,"286118","33","285.4","11625.8"
"2025-04-11 11:55:07.977907","MIG CMT","C137 OP01","0730","9250.0",NULL,NULL,"257","19.6","13.5","257","19.6",NULL,"10","10","10","20","10","50","50","25","35","50","5","25","15","2.4","0.5","1","0","15","13","0","0","5","0","0","3.5","1.54","0.31",NULL,"2","5",NULL,NULL,"1.03",NULL,NULL,"286118","33","285.4","11625.8"
"2025-04-11 11:55:12.721719","MIG CMT","C379 OP01","0730","9250.0",NULL,NULL,"251","19.1","13.8","257","19.6",NULL,"10","10","10","20","10","50","50","25","35","50","5","25","15","2.4","0.5","1","0","15","13","0","0","4.8","0","0","22.9","0.12","0.15",NULL,"0","0",NULL,NULL,"1.03",NULL,NULL,"286121","33","285.4","11625.8"
"2025-04-11 11:55:17.173615","MIG CMT","C1973 OP01","0701","9251.0",NULL,NULL,"261","18.6","13.7","270","19.8",NULL,"10","10","10","20","10","50","50","25","35","50","5","25","15","2.4","0.5","1","0","15","13","0","0","5.1","0","0","11.6","1.57","0.41",NULL,"3","6",NULL,NULL,"1.02",NULL,NULL,"286121","33","285.4","11625.8"
"2025-04-11 11:55:21.552185","MIG CMT","C1973 OP01","0701","9252.0",NULL,NULL,"246","17.5","12","270","19.8",NULL,"10","10","10","20","10","50","50","25","35","50","5","25","15","2.4","0.5","1","0","15","13","0","0","0","0","0","0.033","0.78","0.36",NULL,"1","1",NULL,NULL,"1.03",NULL,NULL,"286121","33","285.4","11625.8"
"2025-04-11 11:55:25.989063","MIG CMT","C1979 OP01","0698","9252.0",NULL,NULL,"258","16.9","11.6","270","19.8",NULL,"10","10","10","20","10","50","50","25","35","50","5","25","15","2.4","0.5","1","0","15","13","0","0","4.5","0","0","18.1","0.15","0.1",NULL,"0","0",NULL,NULL,"1.04",NULL,NULL,"286121","33","285.4","11625.8"
"2025-04-11 11:55:30.572289","MIG CMT","C1991 OP01","0697","9253.0",NULL,NULL,"254","18.1","13.3","270","19.8",NULL,"10","10","10","20","10","50","50","25","35","50","5","25","15","2.4","0.5","1","0","15","13","0","0","4.9","0","0","15.2","1.3","0.41",NULL,"3","8",NULL,NULL,"1.03",NULL,NULL,"286124","33","285.4","11625.8"
"2025-04-11 11:55:35.252554","MIG CMT","C1995 OP01","0695","9254.0",NULL,NULL,"264","18.5","13.4","270","19.8",NULL,"10","10","10","20","10","50","50","25","35","50","5","25","15","2.4","0.5","1","0","15","13","0","0","5.2","0","0","14","1.5","0.45",NULL,"3","8",NULL,NULL,"1.03",NULL,NULL,"286124","33","285.4","11625.8"
"2025-04-11 11:55:39.853421","MIG CMT","C1997 OP01","0694","9255.0",NULL,NULL,"263","17.8","12.6","270","19.8",NULL,"10","10","10","20","10","50","50","25","35","50","5","25","15","2.4","0.5","1","0","15","13","0","0","5.1","0","0","7.2","1.48","0.4",NULL,"3","4",NULL,NULL,"1.03",NULL,NULL,"286124","33","285.4","11625.8"
"2025-04-11 11:55:44.216315","MIG CMT","C1997 OP01","0694","9255.0",NULL,NULL,"270","17.8","13.4","270","19.8",NULL,"10","10","10","20","10","50","50","25","35","50","5","25","15","2.4","0.5","1","0","15","13","0","0","5.1","0","0","10.1","1.52","0.39",NULL,"3","4",NULL,NULL,"1.03",NULL,NULL,"286124","33","285.4","11625.8"
"2025-04-11 11:55:48.627716","MIG CMT","C1997 OP01","0694","9255.0",NULL,NULL,"270","17.8","13.4","270","19.8",NULL,"10","10","10","20","10","50","50","25","35","50","5","25","15","2.4","0.5","1","0","15","13","0","0","4.8","0","0","2.6","1.42","0.47",NULL,"2","5",NULL,NULL,"1.03",NULL,NULL,"286127","33","285.4","11625.8"
"2025-04-11 11:55:53.03673","MIG CMT","C1977 OP01","0699","9258.0",NULL,NULL,"260","17.3","11.9","270","19.8",NULL,"10","10","10","20","10","50","50","25","35","50","5","25","15","2.4","0.5","1","0","15","13","0","0","4.8","0","0","1.3","1.49","0.35",NULL,"3","5",NULL,NULL,"1.03",NULL,NULL,"286127","33","285.4","11625.8"
"2025-04-11 11:55:57.439613","MIG CMT","C1975 OP01","0700","9259.0",NULL,NULL,"260","18","12.4","270","19.8",NULL,"10","10","10","20","10","50","50","25","35","50","5","25","15","2.4","0.5","1","0","15","13","0","0","4.9","0","0","12.9","0.12","0.14",NULL,"0","2",NULL,NULL,"1.02",NULL,NULL,"286127","34","285.4","11625.8"
"2025-04-11 11:56:01.915104","MIG CMT","C537 OP01","0719","9259.0",NULL,NULL,"249","15.8","11.1","240","18.5",NULL,"10","10","10","20","10","50","50","25","35","50","5","25","15","2.4","0.5","1","0","15","13","0","0","4.1","0","0","10.3","1.4","0.34",NULL,"3","4",NULL,NULL,"1.03",NULL,NULL,"286127","34","285.4","11625.8"
"2025-04-11 11:56:06.356757","MIG CMT","C551 OP01","0717","9260.0",NULL,NULL,"233","16.2","11.1","240","18.5",NULL,"10","10","10","20","10","50","50","25","35","50","5","25","15","2.4","0.5","1","0","15","13","0","0","4","0","0","10.3","1.34","0.31",NULL,"3","4",NULL,NULL,"1.03",NULL,NULL,"286130","34","285.4","11625.8"
"2025-04-11 11:56:10.820445","MIG CMT","C555 OP01","0715","9261.0",NULL,NULL,"243","16.1","10.7","240","18.5",NULL,"10","10","10","20","10","50","50","25","35","50","5","25","15","2.4","0.5","1","0","15","13","0","0","4.2","0","0","9.9","0.03","0.13",NULL,"0","0",NULL,NULL,"1.03",NULL,NULL,"286130","34","285.4","11625.8"
"2025-04-11 11:56:15.338684","MIG CMT","C559 OP01","0713","9262.0",NULL,NULL,"239","17.3","12.3","240","18.5",NULL,"10","10","10","20","10","50","50","25","35","50","5","25","15","2.4","0.5","1","0","15","13","0","0","4.3","0","0","10.4","0.1","0.1",NULL,"0","0",NULL,NULL,"1.02",NULL,NULL,"286130","34","285.4","11625.8"
"2025-04-11 11:56:19.703906","MIG CMT","C713 OP01","0711","9264.0",NULL,NULL,"241","17.1","12.5","240","18.5",NULL,"10","10","10","20","10","50","50","25","35","50","5","25","15","2.4","0.5","1","0","15","13","0","0","4.3","0","0","9.5","0.1","0.11",NULL,"0","0",NULL,NULL,"1.02",NULL,NULL,"286130","34","285.4","11625.8"
"2025-04-11 11:56:24.126336","MIG CMT","C713 OP01","0711","9264.0",NULL,NULL,"239","16.3","11.4","240","18.5",NULL,"10","10","10","20","10","50","50","25","35","50","5","25","15","2.4","0.5","1","0","15","13","0","0","4.1","0","0","9.4","1.37","0.39",NULL,"2","5",NULL,NULL,"1.02",NULL,NULL,"286133","34","285.4","11625.8"
"2025-04-11 11:56:28.549858","MIG CMT","C711 OP01","0712","9265.0",NULL,NULL,"235","16.6","10.8","240","18.5",NULL,"10","10","10","20","10","50","50","25","35","50","5","25","15","2.4","0.5","1","0","15","13","0","0","4","0","0","10.3","1.34","0.41",NULL,"2","4",NULL,NULL,"1.02",NULL,NULL,"286133","34","285.4","11625.8"
"2025-04-11 11:56:33.158553","MIG CMT","C557 OP01","0714","9266.0",NULL,NULL,"239","16.9","12.2","240","18.5",NULL,"10","10","10","20","10","50","50","25","35","50","5","25","15","2.4","0.5","1","0","15","13","0","0","4.1","0","0","10.1","0.01","0.21",NULL,"0","0",NULL,NULL,"1.02",NULL,NULL,"286133","34","285.4","11625.8"
"2025-04-11 11:56:37.580362","MIG CMT","C553 OP01","0716","9267.0",NULL,NULL,"235","16.5","10.8","240","18.5",NULL,"10","10","10","20","10","50","50","25","35","50","5","25","15","2.4","0.5","1","0","15","13","0","0","4.1","0","0","9.8","0.06","0.28",NULL,"0","0",NULL,NULL,"1.03",NULL,NULL,"286133","34","285.4","11625.8"
"2025-04-11 11:56:42.022496","MIG CMT","C539 OP01","0718","9268.0",NULL,NULL,"239","17.2","12.2","240","18.5",NULL,"10","10","10","20","10","50","50","25","35","50","5","25","15","2.4","0.5","1","0","15","13","0","0","4.2","0","0","9.5","1.31","0.34",NULL,"2","5",NULL,NULL,"1.03",NULL,NULL,"286136","34","285.4","11625.8"
"2025-04-11 11:56:46.504505","MIG CMT","C375 OP01","0732","9269.0",NULL,NULL,"57","5.6","2.8","250","19.5",NULL,"10","10","10","20","10","50","50","25","35","50","5","25","15","2.4","0.5","1","0","15","13","0","0","4.9","0","0","4","1.37","0.38",NULL,"3","7",NULL,NULL,"1.02",NULL,NULL,"286136","34","285.4","11625.8"
"2025-04-11 11:56:51.111541","MIG CMT","C375 OP01","0732","9269.0",NULL,NULL,"258","17.9","13.3","250","19.5",NULL,"10","10","10","20","10","50","50","25","35","50","5","25","15","2.4","0.5","1","0","15","13","0","0","4.9","0","0","26.7","1.41","0.34",NULL,"2","5",NULL,NULL,"1.03",NULL,NULL,"286136","34","285.4","11625.8"
"2025-04-11 11:56:55.514056","MIG CMT","C375 OP01","0732","9270.0",NULL,NULL,"255","18","13.2","250","19.5",NULL,"10","10","10","20","10","50","50","25","35","50","5","25","15","2.4","0.5","1","0","15","13","0","0","4.8","0","0","30.3","0","0",NULL,"0","0",NULL,NULL,"1.02",NULL,NULL,"286136","34","285.4","11625.8"
"2025-04-11 11:56:59.961853","MIG CMT","C624 OP01","0734","9270.0",NULL,NULL,"249","19.2","13.6","257","19.6",NULL,"10","10","10","20","10","50","50","25","35","50","5","25","15","2.4","0.5","1","0","15","13","0","0","4.9","0","0","20.1","1.41","0.33",NULL,"3","5",NULL,NULL,"1.02",NULL,NULL,"286136","34","285.4","11625.8"
"2025-04-11 11:57:04.378316","MIG CMT","C624 OP01","0734","9271.0",NULL,NULL,"247","18.7","12.9","257","19.6",NULL,"10","10","10","20","10","50","50","25","35","50","5","25","15","2.4","0.5","1","0","15","13","0","0","4.8","0","0","35.4","0.13","0.12",NULL,"0","0",NULL,NULL,"1.02",NULL,NULL,"286139","34","285.4","11625.8"
"2025-04-11 11:57:08.892281","MIG CMT","C226 OP01","0736","9271.0",NULL,NULL,"255","17.2","11.4","257","19.6",NULL,"10","10","10","20","10","50","50","25","35","50","5","25","15","2.4","0.5","1","0","15","13","0","0","4.6","0","0","17.9","1.44","0.45",NULL,"4","6",NULL,NULL,"1.02",NULL,NULL,"286139","34","285.4","11625.8"
"2025-04-11 11:57:13.376451","MIG CMT","C6444 OP01","0709","9272.0",NULL,NULL,"55","6.1","2.7","270","19.8",NULL,"10","10","10","20","10","50","50","25","35","50","5","25","15","2.4","0.5","1","0","15","13","0","0","4.7","0","0","5.2","1.31","0.43",NULL,"1","8",NULL,NULL,"1.02",NULL,NULL,"286139","34","285.4","11625.8"
"2025-04-11 11:57:17.860679","MIG CMT","C6444 OP01","0709","9273.0",NULL,NULL,"264","17.2","11.4","270","19.8",NULL,"10","10","10","20","10","50","50","25","35","50","5","25","15","2.4","0.5","1","0","15","13","0","0","4.6","0","0","3.2","1.3","0.33",NULL,"2","7",NULL,NULL,"1.03",NULL,NULL,"286142","34","285.4","11625.8"
"2025-04-11 11:57:22.538152","MIG CMT","C6448 OP01","0707","9274.0",NULL,NULL,"261","17.3","12","270","19.8",NULL,"10","10","10","20","10","50","50","25","35","50","5","25","15","2.4","0.5","1","0","15","13","0","0","4.7","0","0","16.4","0.02","0.09",NULL,"0","0",NULL,NULL,"1.01",NULL,NULL,"286142","34","285.4","11625.8"
"2025-04-11 11:57:26.999714","MIG CMT","C6464 OP01","0705","9274.0",NULL,NULL,"254","17","11.1","270","19.8",NULL,"10","10","10","20","10","50","50","25","35","50","5","25","15","2.4","0.5","1","0","15","13","0","0","4.6","0","0","18.2","1.31","0.46",NULL,"3","5",NULL,NULL,"1.02",NULL,NULL,"286142","34","285.4","11625.8"
"2025-04-11 11:57:31.516863","MIG CMT","C6468 OP01","0703","9275.0",NULL,NULL,"261","17.7","12.1","270","19.8",NULL,"10","10","10","20","10","50","50","25","35","50","5","25","15","2.4","0.5","1","0","15","13","0","0","4.6","0","0","12.3","1.3","0.47",NULL,"2","5",NULL,NULL,"1.02",NULL,NULL,"286145","34","285.4","11625.8"
"2025-04-11 11:57:36.094671","MIG CMT","C6482 OP01","0702","9276.0",NULL,NULL,"16","3.6","1","270","19.8",NULL,"10","10","10","20","10","50","50","25","35","50","5","25","15","2.4","0.5","1","0","15","13","0","0","5","0","0","4.1","1.42","0.42",NULL,"2","7",NULL,NULL,"1.03",NULL,NULL,"286145","34","285.4","11625.8"
"2025-04-11 11:57:40.676408","MIG CMT","C6466 OP01","0704","9277.0",NULL,NULL,"115","11","5.7","270","19.8",NULL,"10","10","10","20","10","50","50","25","35","50","5","25","15","2.4","0.5","1","0","15","13","0","0","4.9","0","0","4.6","1.39","0.42",NULL,"3","6",NULL,NULL,"1.03",NULL,NULL,"286145","34","285.4","11625.8"
"2025-04-11 11:57:45.168236","MIG CMT","C6466 OP01","0704","9278.0",NULL,NULL,"255","17.9","12.4","270","19.8",NULL,"10","10","10","20","10","50","50","25","35","50","5","25","15","2.4","0.5","1","0","15","13","0","0","4.3","0","0","2.5","1.32","0.44",NULL,"3","6",NULL,NULL,"1.04",NULL,NULL,"286145","34","285.4","11625.8"
"2025-04-11 11:57:49.53604","MIG CMT","C6462 OP01","0706","9279.0",NULL,NULL,"260","17.6","12.2","270","19.8",NULL,"10","10","10","20","10","50","50","25","35","50","5","25","15","2.4","0.5","1","0","15","13","0","0","4.8","0","0","18.4","0.05","0.08",NULL,"0","0",NULL,NULL,"1.03",NULL,NULL,"286148","34","285.4","11625.8"
"2025-04-11 11:57:54.047134","MIG CMT","C6446 OP01","0708","9279.0",NULL,NULL,"255","17.9","12.7","270","19.8",NULL,"10","10","10","20","10","50","50","25","35","50","5","25","15","2.4","0.5","1","0","15","13","0","0","4.8","0","0","17.3","0.24","0.27",NULL,"0","0",NULL,NULL,"1.03",NULL,NULL,"286148","34","285.4","11625.8"
"2025-04-11 11:57:58.586312","MIG CMT","op 10-new1","0684","9280.0",NULL,NULL,"113","15","3.8","127","15.4",NULL,"10","10","10","20","10","50","50","25","35","50","5","25","15","2.4","0.5","1","0","15","13","0","0","2.2","0","0","2.2","1.29","0.3",NULL,"4","6",NULL,NULL,"1.03",NULL,NULL,"286148","34","285.4","11625.8"
"2025-04-11 11:58:03.271434","MIG CMT","op 10 -new2","0685","9281.0",NULL,NULL,"73","14.5","3.5","127","15.4",NULL,"10","10","10","20","10","50","50","25","35","50","5","25","15","2.4","0.5","1","0","15","13","0","0","2.2","0","0","2.1","1.02","0.3",NULL,"0","7",NULL,NULL,"1.03",NULL,NULL,"286148","34","285.4","11625.8"
"2025-04-11 11:58:07.626754","MIG CMT","op 10 -new2","0685","9282.0",NULL,NULL,"126","14.3","4.4","127","15.4",NULL,"10","10","10","20","10","50","50","25","35","50","5","25","15","2.4","0.5","1","0","15","13","0","0","2.2","0","0","2.1","0","0",NULL,"0","0",NULL,NULL,"1.03",NULL,NULL,"286148","34","285.4","11625.8"
"2025-04-11 11:58:11.985809","MIG CMT","op 10 -new2","0685","9282.0",NULL,NULL,"126","14.3","4.4","127","15.4",NULL,"10","10","10","20","10","50","50","25","35","50","5","25","15","2.4","0.5","1","0","15","13","0","0","2.2","0","0","2.1","0.11","0.16",NULL,"0","1",NULL,NULL,"1.02",NULL,NULL,"286148","34","285.4","11625.8"
"2025-04-11 11:58:16.313122","MIG CMT","op 10 -new2","0685","9282.0",NULL,NULL,"126","14.3","4.4","127","15.4",NULL,"10","10","10","20","10","50","50","25","35","50","5","25","15","2.4","0.5","1","0","15","13","0","0","2.2","0","0","2.1","0","0.14",NULL,"0","0",NULL,NULL,"1.03",NULL,NULL,"286148","34","285.4","11625.8"
"2025-04-11 11:58:20.625648","MIG CMT","op 10 -new2","0685","9282.0",NULL,NULL,"126","14.3","4.4","127","15.4",NULL,"10","10","10","20","10","50","50","25","35","50","5","25","15","2.4","0.5","1","0","15","13","0","0","2.2","0","0","2.1","0","0",NULL,"0","0",NULL,NULL,"1.03",NULL,NULL,"286148","34","285.4","11625.8"
"2025-04-11 11:58:24.970699","MIG CMT","op 10 -new2","0685","9282.0",NULL,NULL,"126","14.3","4.4","127","15.4",NULL,"10","10","10","20","10","50","50","25","35","50","5","25","15","2.4","0.5","1","0","15","13","0","0","2.2","0","0","2.1","0","0",NULL,"0","0",NULL,NULL,"1.02",NULL,NULL,"286148","34","285.4","11625.8"
"2025-04-11 11:58:42.328782","MIG CMT","op 10 -new2","0685","9282.0",NULL,NULL,"126","14.3","4.4","127","15.4",NULL,"10","10","10","20","10","50","50","25","35","50","5","25","15","2.4","0.5","1","0","15","13","0","0","2.2","0","0","2.1","0","0",NULL,"0","0",NULL,NULL,"1.03",NULL,NULL,"286148","34","285.4","11625.8"
"2025-04-11 11:58:46.659894","MIG CMT","op 10 -new2","0685","9282.0",NULL,NULL,"126","14.3","4.4","127","15.4",NULL,"10","10","10","20","10","50","50","25","35","50","5","25","15","2.4","0.5","1","0","15","13","0","0","2.2","0","0","2.1","0","0",NULL,"0","0",NULL,NULL,"1.03",NULL,NULL,"286148","33","285.4","11625.8"
"2025-04-11 11:58:55.330865","MIG CMT","op 10 -new2","0685","9282.0",NULL,NULL,"126","14.3","4.4","127","15.4",NULL,"10","10","10","20","10","50","50","25","35","50","5","25","15","2.4","0.5","1","0","15","13","0","0","2.2","0","0","2.1","0","0",NULL,"0","0",NULL,NULL,"1.02",NULL,NULL,"286148","33","285.4","11625.8"
"2025-04-11 11:59:04.000833","MIG CMT","op 10 -new2","0685","9282.0",NULL,NULL,"126","14.3","4.4","127","15.4",NULL,"10","10","10","20","10","50","50","25","35","50","5","25","15","2.4","0.5","1","0","15","13","0","0","2.2","0","0","2.1","0","0",NULL,"0","0",NULL,NULL,"1.03",NULL,NULL,"286148","33","285.4","11625.8"
"2025-04-11 11:59:08.314037","MIG CMT","op 10 -new2","0685","9282.0",NULL,NULL,"126","14.3","4.4","127","15.4",NULL,"10","10","10","20","10","50","50","25","35","50","5","25","15","2.4","0.5","1","0","15","13","0","0","2.2","0","0","2.1","0","0",NULL,"0","0",NULL,NULL,"1.02",NULL,NULL,"286148","33","285.4","11625.8"
"2025-04-11 11:59:12.656877","MIG CMT","op 10 -new2","0685","9282.0",NULL,NULL,"126","14.3","4.4","127","15.4",NULL,"10","10","10","20","10","50","50","25","35","50","5","25","15","2.4","0.5","1","0","15","13","0","0","2.2","0","0","2.1","0","0",NULL,"0","0",NULL,NULL,"1.03",NULL,NULL,"286148","33","285.4","11625.8"
"2025-04-11 11:59:17.04739","MIG CMT","op 10 -new2","0685","9282.0",NULL,NULL,"126","14.3","4.4","127","15.4",NULL,"10","10","10","20","10","50","50","25","35","50","5","25","15","2.4","0.5","1","0","15","13","0","0","2.2","0","0","2.1","0","0",NULL,"0","0",NULL,NULL,"1.02",NULL,NULL,"286148","33","285.4","11625.8"
"2025-04-11 11:59:39.481581","MIG CMT","op 10 -new2","0685","9282.0",NULL,NULL,"126","14.3","4.4","127","15.4",NULL,"10","10","10","20","10","50","50","25","35","50","5","25","15","2.4","0.5","1","0","15","13","0","0","2.2","0","0","2.1","0","0",NULL,"0","0",NULL,NULL,"1.03",NULL,NULL,"286148","33","285.4","11625.8"
"2025-04-11 11:59:48.185315","MIG CMT","op 10 -new2","0685","9282.0",NULL,NULL,"126","14.3","4.4","127","15.4",NULL,"10","10","10","20","10","50","50","25","35","50","5","25","15","2.4","0.5","1","0","15","13","0","0","2.2","0","0","2.1","0","0",NULL,"0","0",NULL,NULL,"1.02",NULL,NULL,"286148","33","285.4","11625.8"
"2025-04-11 11:59:52.515093","MIG CMT","op 10 -new2","0685","9282.0",NULL,NULL,"126","14.3","4.4","127","15.4",NULL,"10","10","10","20","10","50","50","25","35","50","5","25","15","2.4","0.5","1","0","15","13","0","0","2.2","0","0","2.1","0","0",NULL,"0","0",NULL,NULL,"1.03",NULL,NULL,"286148","33","285.4","11625.8"
"2025-04-11 11:59:56.894518","MIG CMT","op 10 -new2","0685","9282.0",NULL,NULL,"126","14.3","4.4","127","15.4",NULL,"10","10","10","20","10","50","50","25","35","50","5","25","15","2.4","0.5","1","0","15","13","0","0","2.2","0","0","2.1","0","0",NULL,"0","0",NULL,NULL,"1.02",NULL,NULL,"286148","33","285.4","11625.8"
"2025-04-11 12:00:05.711798","MIG CMT","op 10 -new2","0685","9282.0",NULL,NULL,"126","14.3","4.4","127","15.4",NULL,"10","10","10","20","10","50","50","25","35","50","5","25","15","2.4","0.5","1","0","15","13","0","0","2.2","0","0","2.1","0","0",NULL,"0","0",NULL,NULL,"0.51",NULL,NULL,"286148","33","285.4","11625.8"
"2025-04-11 12:00:10.022191","MIG CMT","op 10 -new2","0685","9282.0",NULL,NULL,"126","14.3","4.4","127","15.4",NULL,"10","10","10","20","10","50","50","25","35","50","5","25","15","2.4","0.5","1","0","15","13","0","0","2.2","0","0","2.1","0","0",NULL,"0","0",NULL,NULL,"0",NULL,NULL,"286148","33","285.4","11625.8"
"2025-04-11 12:00:18.717988","MIG CMT","op 10 -new2","0685","9282.0",NULL,NULL,"126","14.3","4.4","127","15.4",NULL,"10","10","10","20","10","50","50","25","35","50","5","25","15","2.4","0.5","1","0","15","13","0","0","2.2","0","0","2.1","0","0",NULL,"0","0",NULL,NULL,"0",NULL,NULL,"286148","32","285.4","11625.8"
"2025-04-11 12:01:02.088113","MIG CMT","op 10 -new2","0685","9282.0",NULL,NULL,"126","14.3","4.4","127","15.4",NULL,"10","10","10","20","10","50","50","25","35","50","5","25","15","2.4","0.5","1","0","15","13","0","0","2.2","0","0","2.1","0","0",NULL,"0","0",NULL,NULL,"0",NULL,NULL,"286148","32","285.4","11625.9"
"2025-04-11 12:01:32.374887","MIG CMT","op 10 -new2","0685","9282.0",NULL,NULL,"126","14.3","4.4","127","15.4",NULL,"10","10","10","20","10","50","50","25","35","50","5","25","15","2.4","0.5","1","0","15","13","0","0","2.2","0","0","2.1","0","0",NULL,"0","0",NULL,NULL,"0",NULL,NULL,"286148","31","285.4","11625.9"
